id	version	genesymbol	name	pharmvarid	matchesreferencesequence	structuralvariation
9000	1	HLA-A	*31:01	\N	f	f
9001	1	HLA-B	*15:02	\N	f	f
9002	1	HLA-B	*57:01	\N	f	f
9003	1	HLA-B	*58:01	\N	f	f
777333	99	CFTR	E56K	\N	f	f
6355241	9	CFTR	E822K	\N	f	f
777494	177	CYP2B6	*38	PV00778	f	f
2899154	91	CYP2B6	*45	PV02278	f	f
6355245	9	CFTR	F311del	\N	f	f
6355247	9	CFTR	F311L	\N	f	f
778202	177	CYP2D6	*142	PV01434	f	f
778180	177	CYP2D6	*131	PV00686	f	f
778208	177	CYP2D6	*145	PV01437	f	f
2899162	91	CYP2B6	*49	PV02286	f	f
5997308	24	CYP2B6	*50	PV02841	f	f
777432	177	CYP2B6	*6	PV00744	f	f
777434	177	CYP2B6	*7	PV00745	f	f
777580	177	CYP2C19	*28	PV00622	f	f
777436	177	CYP2B6	*8	PV00746	f	f
6235065	20	CYP2C19	*41	PV02896	f	f
777578	177	CYP2C19	*26	PV00621	f	f
777794	177	CYP2C9	*64	PV01419	f	f
777592	177	CYP2C19	*34	PV02143	f	f
1933003	127	CYP2C9	*85	PV01798	f	f
777690	177	CYP2C9	*12	PV00548	f	f
778178	177	CYP2D6	*130	PV00685	f	f
777716	177	CYP2C9	*25	PV00561	f	f
778182	177	CYP2D6	*132	PV00687	f	f
777746	177	CYP2C9	*40	PV00576	f	f
777470	177	CYP2B6	*26	PV00764	f	f
777776	177	CYP2C9	*55	PV00591	f	f
777474	177	CYP2B6	*28	PV00766	f	f
778188	177	CYP2D6	*135	PV00690	f	f
777680	177	CYP2C9	*7	PV00543	f	f
778196	177	CYP2D6	*139	PV00728	f	f
777704	177	CYP2C9	*19	PV00555	f	f
777732	177	CYP2C9	*33	PV00569	f	f
777478	172	CYP2B6	*30	PV00770	f	t
777766	177	CYP2C9	*50	PV00586	f	f
778184	177	CYP2D6	*133	PV00688	f	f
778206	177	CYP2D6	*144	PV01436	f	f
1103381	159	CYP2D6	*149	PV01730	f	f
777678	177	CYP2C9	*6	PV00542	f	f
2677013	99	CYP2D6	*151	PV02194	f	f
2091236	121	CYP2D6	*152	PV02155	f	f
2091238	121	CYP2D6	*153	PV02157	f	f
1406321	147	CYP2C9	*75	PV01742	f	f
6970385	10	SLCO1B1	*55	PV03018	f	f
778200	177	CYP2D6	*141	PV02389	f	f
777484	177	CYP2B6	*33	PV00848	f	f
7094208	4	MT-RNR1	m.930G>A	\N	f	f
1103379	159	CYP2D6	*147	PV01805	f	f
777440	177	CYP2B6	*10	PV00748	f	f
777442	177	CYP2B6	*11	PV00749	f	f
6970387	10	SLCO1B1	*56	PV03020	f	f
777444	177	CYP2B6	*12	PV00750	f	f
6355249	9	CFTR	F508C	\N	f	f
777448	177	CYP2B6	*14	PV00752	f	f
6355257	9	CFTR	G178E	\N	f	f
777450	177	CYP2B6	*15	PV00753	f	f
6355263	9	CFTR	G194R(G>C)	\N	f	f
777452	177	CYP2B6	*17	PV00755	f	f
6355265	9	CFTR	G314E	\N	f	f
6355271	9	CFTR	G576A	\N	f	f
6355213	9	CFTR	A120T	\N	f	f
6355215	9	CFTR	A234D	\N	f	f
6355231	9	CFTR	D924N	\N	f	f
1609527	140	CYP2D6	*148	PV01745	f	f
2091244	121	CYP2D6	*156	PV01943	f	f
2091246	121	CYP2D6	*157	PV01947	f	f
6355273	9	CFTR	G970D	\N	f	f
777454	177	CYP2B6	*18	PV00756	f	f
777456	177	CYP2B6	*19	PV00757	f	f
6355279	9	CFTR	G1249R(G>A)	\N	f	f
777476	172	CYP2B6	*29	PV00767	f	t
777480	177	CYP2B6	*31	PV00771	f	f
6355281	9	CFTR	G1249R(G>C)	\N	f	f
6355285	9	CFTR	H939R	\N	f	f
777482	177	CYP2B6	*32	PV00772	f	f
2899156	91	CYP2B6	*46	PV02280	f	f
777958	177	CYP2D6	*12	PV00437	f	f
6355217	9	CFTR	A349V	\N	f	f
777486	177	CYP2B6	*34	PV00774	f	f
777490	177	CYP2B6	*36	PV00776	f	f
6355287	9	CFTR	H1375P	\N	f	f
777492	177	CYP2B6	*37	PV00777	f	f
6355289	9	CFTR	I148T	\N	f	f
6355293	9	CFTR	I807M	\N	f	f
6355295	9	CFTR	I1027T	\N	f	f
6355297	9	CFTR	I1139V	\N	f	f
6355303	9	CFTR	L320V	\N	f	f
6355305	9	CFTR	L967S	\N	f	f
6355307	9	CFTR	L997F(G>C)	\N	f	f
6355309	9	CFTR	L997F(G>T)	\N	f	f
6355345	9	CFTR	R117P	\N	f	f
2899158	91	CYP2B6	*47	PV02282	f	f
777460	177	CYP2B6	*21	PV00759	f	f
6355311	9	CFTR	L1480P	\N	f	f
6355313	9	CFTR	M152V	\N	f	f
6355315	9	CFTR	M952I(G>A)	\N	f	f
6355319	9	CFTR	M952I(G>T)	\N	f	f
6355321	9	CFTR	M952T	\N	f	f
777357	99	CFTR	P67L	\N	f	f
6355325	9	CFTR	Q237E	\N	f	f
6355327	9	CFTR	Q237H	\N	f	f
6355329	9	CFTR	Q359R	\N	f	f
6355331	9	CFTR	Q1291R	\N	f	f
6355335	9	CFTR	R75Q	\N	f	f
777462	177	CYP2B6	*22	PV00760	f	f
6355339	9	CFTR	R117G	\N	f	f
6355343	9	CFTR	R117L	\N	f	f
6355347	9	CFTR	R170H	\N	f	f
6355351	9	CFTR	R347L	\N	f	f
6355355	9	CFTR	R553Q	\N	f	f
6355357	9	CFTR	R668C	\N	f	f
6355359	9	CFTR	R792G	\N	f	f
6355361	9	CFTR	R933G	\N	f	f
777438	177	CYP2B6	*9	PV00747	f	f
778192	177	CYP2D6	*137	PV00692	f	f
777464	177	CYP2B6	*23	PV00761	f	f
777466	177	CYP2B6	*24	PV00762	f	f
777468	177	CYP2B6	*25	PV00763	f	f
6970389	10	SLCO1B1	*57	PV03022	f	f
6970391	10	SLCO1B1	*58	PV03024	f	f
6355227	9	CFTR	D192G	\N	f	f
778078	177	CYP2D6	*75	PV00497	f	f
2091250	121	CYP2D6	*159	PV01954	f	f
779325	170	SLCO1B1	*25	PV01638	f	f
2091252	121	CYP2D6	*160	PV01958	f	f
2677049	99	CYP2D6	*169	PV02163	f	f
778084	177	CYP2D6	*83	PV02385	f	f
5998168	24	CYP2D6	*183	PV02819	f	f
3318587	76	CYP4F2	*9	PV02316	f	f
5998170	24	CYP2D6	*184	PV02821	f	f
778024	177	CYP2D6	*46	PV00470	f	f
5998172	24	CYP2D6	*185	PV02823	f	f
778014	177	CYP2D6	*41	PV00465	f	f
779327	170	SLCO1B1	*26	PV01639	f	f
778070	177	CYP2D6	*71	PV00493	f	f
779080	176	NUDT15	*9	PV01605	f	f
2784572	95	CYP4F2	*4	PV02221	f	f
778016	177	CYP2D6	*42	PV02297	f	f
778032	177	CYP2D6	*50	PV00474	f	f
2784576	95	CYP4F2	*6	PV02225	f	f
778018	177	CYP2D6	*43	PV00467	f	f
2677051	99	CYP2D6	*170	PV02165	f	f
778038	177	CYP2D6	*53	PV00477	f	f
2091254	121	CYP2D6	*161	PV01963	f	f
778020	177	CYP2D6	*44	PV00468	f	f
2784578	95	CYP4F2	*7	PV02227	f	f
778040	177	CYP2D6	*54	PV00478	f	f
778042	177	CYP2D6	*55	PV00479	f	f
3318593	76	CYP4F2	*12	PV02322	f	f
778022	177	CYP2D6	*45	PV00469	f	f
779347	170	SLCO1B1	*36	PV01648	f	f
2677053	99	CYP2D6	*171	PV02189	f	f
778072	177	CYP2D6	*72	PV00494	f	f
778062	177	CYP2D6	*65	PV00489	f	f
778076	177	CYP2D6	*74	PV00496	f	f
778066	177	CYP2D6	*69	PV00491	f	f
777950	177	CYP2D6	*8	PV00433	f	f
778080	177	CYP2D6	*81	PV00498	f	f
778074	177	CYP2D6	*73	PV00495	f	f
778108	177	CYP2D6	*95	PV00512	f	f
778096	177	CYP2D6	*89	PV00506	f	f
778082	177	CYP2D6	*82	PV00499	f	f
778114	177	CYP2D6	*98	PV00515	f	f
778112	177	CYP2D6	*97	PV00514	f	f
2091256	121	CYP2D6	*162	PV01967	f	f
778086	177	CYP2D6	*84	PV00501	f	f
3318539	76	CYP2D6	*172	PV02301	f	f
778088	177	CYP2D6	*85	PV00502	f	f
5175550	38	CYP2D6	*173	PV02498	f	f
778090	177	CYP2D6	*86	PV00503	f	f
778026	177	CYP2D6	*47	PV00471	f	f
778094	177	CYP2D6	*88	PV00505	f	f
3318601	76	CYP4F2	*16	PV02312	f	t
777952	177	CYP2D6	*9	PV00434	f	f
4058604	53	CYP4F2	*17	PV02391	f	f
778028	177	CYP2D6	*48	PV00472	f	f
779303	170	SLCO1B1	*14	PV01631	f	f
778030	177	CYP2D6	*49	PV00473	f	f
779283	170	SLCO1B1	*4	PV01621	f	f
778034	177	CYP2D6	*51	PV00475	f	f
777532	177	CYP2C19	*1	PV00598	f	f
778036	177	CYP2D6	*52	PV00476	f	f
778240	176	CYP4F2	*2	PV02213	f	f
778044	177	CYP2D6	*56	PV00480	f	f
779305	170	SLCO1B1	*15	PV01632	f	f
778048	177	CYP2D6	*58	PV00482	f	f
5175552	38	CYP2D6	*174	PV02500	f	f
778050	177	CYP2D6	*59	PV00483	f	f
2091258	121	CYP2D6	*163	PV01969	f	f
777946	177	CYP2D6	*6	PV00431	f	f
2677039	99	CYP2D6	*164	PV02199	f	f
778052	177	CYP2D6	*60	PV00484	f	f
6235063	20	CYP2C19	*40	PV02894	f	f
778054	172	CYP2D6	*61	PV00485	f	t
779307	170	SLCO1B1	*16	PV01633	f	f
778064	172	CYP2D6	*68	PV00490	f	t
778056	177	CYP2D6	*62	PV00486	f	f
5175554	38	CYP2D6	*175	PV02502	f	f
779315	170	SLCO1B1	*20	PV01635	f	f
5763832	28	CYP2D6	*177	PV02522	f	f
778058	172	CYP2D6	*63	PV00487	f	t
778068	177	CYP2D6	*70	PV00492	f	f
3318595	76	CYP4F2	*13	PV02324	f	f
778060	177	CYP2D6	*64	PV00488	f	f
777948	177	CYP2D6	*7	PV00432	f	f
777758	177	CYP2C9	*46	PV00582	f	f
778092	177	CYP2D6	*87	PV00504	f	f
3318599	76	CYP4F2	*15	PV02328	f	f
5409119	34	CYP2D6	*176	PV02519	f	f
779331	170	SLCO1B1	*28	PV01641	f	f
5998158	24	CYP2D6	*178	PV02809	f	f
1002695	161	SLCO1B1	*42	PV01654	f	f
2677043	99	CYP2D6	*166	PV02203	f	f
777682	177	CYP2C9	*8	PV00544	f	f
2677045	99	CYP2D6	*167	PV02159	f	f
3318585	76	CYP4F2	*8	PV02314	f	f
6235320	20	CYP2C9	*86	PV02929	f	f
5998160	24	CYP2D6	*179	PV02811	f	f
5998162	24	CYP2D6	*180	PV02813	f	f
5998164	24	CYP2D6	*181	PV02815	f	f
779297	170	SLCO1B1	*11	PV01628	f	f
5998166	24	CYP2D6	*182	PV02817	f	f
777970	177	CYP2D6	*19	PV02196	f	f
777978	177	CYP2D6	*23	PV00447	f	f
777988	177	CYP2D6	*28	PV00452	f	f
779321	170	SLCO1B1	*23	PV01636	f	f
6235322	20	CYP2C9	*87	PV02931	f	f
779323	170	SLCO1B1	*24	PV01637	f	f
779335	170	SLCO1B1	*30	PV01643	f	f
779337	170	SLCO1B1	*31	PV01644	f	f
779339	170	SLCO1B1	*32	PV01645	f	f
779343	170	SLCO1B1	*34	PV01647	f	f
1002693	161	SLCO1B1	*41	PV01653	f	f
1002697	161	SLCO1B1	*43	PV01655	f	f
1357091	149	SLCO1B1	*48	PV01732	f	t
6355367	9	CFTR	R1162L	\N	f	f
6235324	20	CYP2C9	*88	PV02933	f	f
778186	177	CYP2D6	*134	PV00689	f	f
2677047	99	CYP2D6	*168	PV02161	f	f
778204	177	CYP2D6	*143	PV01435	f	f
2677011	99	CYP2D6	*150	PV02524	f	f
3685952	38	RYR1	c.14639T>C	\N	f	f
3685964	38	RYR1	c.14813T>C	\N	f	f
6355379	9	CFTR	S737F	\N	f	f
6355385	9	CFTR	S1159F	\N	f	f
778453	99	DPYD	c.2279C>T	\N	f	f
778116	177	CYP2D6	*99	PV00516	f	f
777600	177	CYP2C19	*39	PV01528	f	f
777598	172	CYP2C19	*37	PV00732	f	t
779043	99	IFNL3	rs12979860 variant (T)	\N	f	f
777560	177	CYP2C19	*15	PV00612	f	f
7096544	8	NAT2	*66	PV02993	f	f
3685890	38	RYR1	c.13994_13995delTCinsCT	\N	f	f
7096548	8	NAT2	*68	PV02997	f	f
3685892	38	RYR1	c.14002C>T	\N	f	f
3685894	38	RYR1	c.14051T>C	\N	f	f
3685902	38	RYR1	c.14197T>G	\N	f	f
3685904	38	RYR1	c.14201G>A	\N	f	f
3685916	38	RYR1	c.14424C>A	\N	f	f
3685874	38	RYR1	c.13673G>A	\N	f	f
3685918	38	RYR1	c.14449A>T	\N	f	f
3685920	38	RYR1	c.14458G>A	\N	f	f
778485	99	DPYD	c.2983G>T (*10)	\N	f	f
779236	99	RYR1	c.14497C>T	\N	f	f
3685930	38	RYR1	c.14510delA	\N	f	f
779240	99	RYR1	c.14545G>A	\N	f	f
3685942	38	RYR1	c.14558C>T	\N	f	f
3685944	38	RYR1	c.14567C>G	\N	f	f
3685954	38	RYR1	c.14678G>A	\N	f	f
777540	177	CYP2C19	*5	PV02131	f	f
3685966	38	RYR1	c.14814C>G	\N	f	f
1002685	161	SLCO1B1	*37	PV01649	f	f
777538	177	CYP2C19	*4	PV00601	f	f
777566	177	CYP2C19	*18	PV00615	f	f
777562	177	CYP2C19	*16	PV02139	f	f
1002623	161	SLCO1B1	*1	PV01618	t	f
779242	99	RYR1	c.14582G>A	\N	f	f
6355387	9	CFTR	S1159P	\N	f	f
777542	177	CYP2C19	*6	PV00603	f	f
778242	176	CYP4F2	*3	PV02214	f	f
3685896	38	RYR1	c.14126C>T	\N	f	f
3685922	38	RYR1	c.14458G>T	\N	f	f
3685924	38	RYR1	c.14471T>C	\N	f	f
3685932	38	RYR1	c.14509C>G	\N	f	f
3685968	38	RYR1	c.14817C>A	\N	f	f
3685970	38	RYR1	c.14818G>A	\N	f	f
3685906	38	RYR1	c.14209C>T	\N	f	f
3685972	38	RYR1	c.14825G>T	\N	f	f
3685974	38	RYR1	c.14879T>A	\N	f	f
3685976	38	RYR1	c.14918C>T	\N	f	f
3685978	38	RYR1	c.14968A>G	\N	f	f
3685980	38	RYR1	c.15059G>C	\N	f	f
779279	170	SLCO1B1	*2	PV01619	f	f
779287	170	SLCO1B1	*6	PV01623	f	f
1002701	161	SLCO1B1	*45	PV01657	f	f
779285	170	SLCO1B1	*5	PV01622	f	f
6355369	9	CFTR	R1283M	\N	f	f
777568	177	CYP2C19	*19	PV00616	f	f
777550	177	CYP2C19	*10	PV00607	f	f
777534	177	CYP2C19	*2	PV00599	f	f
777552	177	CYP2C19	*11	PV00608	f	f
6355377	9	CFTR	S589N	\N	f	f
777572	177	CYP2C19	*23	PV00618	f	f
777594	177	CYP2C19	*35	PV00629	f	f
777574	177	CYP2C19	*24	PV00619	f	f
777576	177	CYP2C19	*25	PV00620	f	f
777536	177	CYP2C19	*3	PV00600	f	f
6355393	9	CFTR	T338I	\N	f	f
6355395	9	CFTR	T1053I	\N	f	f
6355397	9	CFTR	V232D	\N	f	f
777544	177	CYP2C19	*7	PV02134	f	f
777548	177	CYP2C19	*9	PV00606	f	f
7096546	8	NAT2	*67	PV02995	f	f
778190	177	CYP2D6	*136	PV00691	f	f
6355399	9	CFTR	V562I	\N	f	f
6355401	9	CFTR	V754M	\N	f	f
6355403	9	CFTR	V1293G	\N	f	f
778337	99	DPYD	c.295_298delTCAT (*7)	\N	f	f
778435	99	DPYD	c.1905C>G	\N	f	f
6355405	9	CFTR	W1282R	\N	f	f
6355407	9	CFTR	Y1014C	\N	f	f
6355409	9	CFTR	Y1032C	\N	f	f
777570	177	CYP2C19	*22	PV00617	f	f
779234	99	RYR1	c.14477C>T	\N	f	f
1103377	159	CYP2D6	*146	PV01717	f	f
777564	177	CYP2C19	*17	PV00614	f	f
7096550	8	NAT2	*69	PV02999	f	f
3685898	38	RYR1	c.14168G>A	\N	f	f
3685876	38	RYR1	c.13672C>T	\N	f	f
3685948	38	RYR1	c.14581C>T	\N	f	f
3685956	38	RYR1	c.14680G>A	\N	f	f
779244	99	RYR1	c.14693T>C	\N	f	f
3685960	38	RYR1	c.14782A>G	\N	f	f
3685962	38	RYR1	c.14803G>A	\N	f	f
3685878	38	RYR1	c.13702C>G	\N	f	f
777554	177	CYP2C19	*12	PV00609	f	f
777556	177	CYP2C19	*13	PV00610	f	f
777558	177	CYP2C19	*14	PV00611	f	f
779291	170	SLCO1B1	*8	PV01625	f	f
778954	99	G6PD	Puerto Limon	\N	f	f
3685900	38	RYR1	c.14186A>C	\N	f	f
778990	99	G6PD	Santiago de Cuba, Morioka	\N	f	f
779238	99	RYR1	c.14512C>G	\N	f	f
778780	101	G6PD	Taipei, Chinese-3	\N	f	f
778872	99	G6PD	West Virginia	\N	f	f
779041	99	IFNL3	rs12979860 reference (C)	\N	t	f
3685886	38	RYR1	c.13934G>A	\N	f	f
3685936	38	RYR1	c.14524G>A	\N	f	f
3685950	38	RYR1	c.14627A>G	\N	f	f
779333	170	SLCO1B1	*29	PV01642	f	f
3685908	38	RYR1	c.14210G>A	\N	f	f
3685910	38	RYR1	c.14270G>A	\N	f	f
3685888	38	RYR1	c.13990T>C	\N	f	f
3685938	38	RYR1	c.14539G>C	\N	f	f
3685880	38	RYR1	c.13760C>T	\N	f	f
3685882	38	RYR1	c.13913G>A	\N	f	f
779232	99	RYR1	c.14387A>G	\N	f	f
1357093	149	SLCO1B1	*49	PV01734	f	t
2091242	121	CYP2D6	*155	PV01936	f	f
777944	172	CYP2D6	*5	PV00430	f	t
7096542	8	NAT2	*65	PV02991	f	f
779293	170	SLCO1B1	*9	PV01626	f	f
777684	177	CYP2C9	*9	PV00545	f	f
777994	177	CYP2D6	*31	PV00455	f	f
777428	177	CYP2B6	*4	PV00742	f	f
777686	177	CYP2C9	*10	PV00546	f	f
777692	177	CYP2C9	*13	PV00549	f	f
6235905	20	CYP4F2	*18	PV02945	f	f
6235907	20	CYP4F2	*19	PV02947	f	f
778483	99	DPYD	c.2977C>T	\N	f	f
778714	99	G6PD	202G>A_376A>G_1264C>G	\N	f	f
778752	99	G6PD	A	\N	f	f
778712	99	G6PD	A- 202A_376G	\N	f	f
6235909	20	CYP4F2	*20	PV02949	f	f
777770	177	CYP2C9	*52	PV00588	f	f
777772	177	CYP2C9	*53	PV00589	f	f
777774	177	CYP2C9	*54	PV00590	f	f
777778	177	CYP2C9	*56	PV00592	f	f
6235911	20	CYP4F2	*21	PV02951	f	f
6235913	20	CYP4F2	*22	PV02953	f	f
6235915	20	CYP4F2	*23	PV02955	f	f
777780	177	CYP2C9	*57	PV00593	f	f
1002689	161	SLCO1B1	*39	PV01651	f	f
777694	177	CYP2C9	*14	PV00550	f	f
778742	99	G6PD	Acrokorinthos	\N	f	f
777698	177	CYP2C9	*16	PV00552	f	f
779002	99	G6PD	Andalus	\N	f	f
777782	177	CYP2C9	*58	PV00594	f	f
777700	177	CYP2C9	*17	PV00553	f	f
777702	177	CYP2C9	*18	PV00554	f	f
778826	99	G6PD	Asahikawa	\N	f	f
777784	177	CYP2C9	*59	PV00595	f	f
777786	177	CYP2C9	*60	PV00596	f	f
777788	177	CYP2C9	*61	PV00597	f	f
777790	177	CYP2C9	*62	PV00851	f	f
777670	177	CYP2C9	*2	PV00538	f	f
778938	99	G6PD	Beverly Hills, Genova, Iwate, Niigata, Yamaguchi	\N	f	f
779038	99	G6PD	Brighton	\N	f	f
778774	99	G6PD	Gond	\N	f	f
778906	99	G6PD	Ierapetra	\N	f	f
777706	177	CYP2C9	*20	PV00556	f	f
778724	99	G6PD	Lagosanto	\N	f	f
778800	100	G6PD	Mediterranean, Dallas, Panama, Sassari, Cagliari, Birmingham	\N	f	f
777792	177	CYP2C9	*63	PV01418	f	f
778802	99	G6PD	Pedoplis-Ckaro	\N	f	f
778744	99	G6PD	Santa Maria	\N	f	f
3685694	38	RYR1	c.7771C>T	\N	f	f
777796	177	CYP2C9	*65	PV01420	f	f
3685726	38	RYR1	c.8518C>T	\N	f	f
3685758	38	RYR1	c.9758T>C	\N	f	f
3685790	38	RYR1	c.10891G>T	\N	f	f
3685822	38	RYR1	c.11953T>C	\N	f	f
3685856	38	RYR1	c.12553G>A	\N	f	f
777712	177	CYP2C9	*23	PV00559	f	f
777714	177	CYP2C9	*24	PV00560	f	f
777720	177	CYP2C9	*27	PV00563	f	f
777722	177	CYP2C9	*28	PV00564	f	f
777724	177	CYP2C9	*29	PV00565	f	f
777672	177	CYP2C9	*3	PV00539	f	f
777726	177	CYP2C9	*30	PV00566	f	f
6355261	9	CFTR	G194R(G>A)	\N	f	f
6355291	9	CFTR	I175V	\N	f	f
6355317	9	CFTR	M952I(G>C)	\N	f	f
777798	177	CYP2C9	*66	PV01421	f	f
777800	177	CYP2C9	*67	PV01422	f	f
777802	177	CYP2C9	*68	PV01423	f	f
777804	177	CYP2C9	*69	PV01424	f	f
777806	177	CYP2C9	*70	PV01425	f	f
1406315	147	CYP2C9	*72	PV01736	f	f
1406317	147	CYP2C9	*73	PV01738	f	f
1406319	147	CYP2C9	*74	PV01803	f	f
1932985	127	CYP2C9	*76	PV01780	f	f
1932987	127	CYP2C9	*77	PV01782	f	f
1932989	127	CYP2C9	*78	PV01784	f	f
1932991	127	CYP2C9	*79	PV01786	f	f
1932993	127	CYP2C9	*80	PV01788	f	f
1932997	127	CYP2C9	*82	PV01792	f	f
1932999	127	CYP2C9	*83	PV01794	f	f
1933001	127	CYP2C9	*84	PV01796	f	f
777728	177	CYP2C9	*31	PV00567	f	f
777730	177	CYP2C9	*32	PV00568	f	f
777734	177	CYP2C9	*34	PV00570	f	f
777738	177	CYP2C9	*36	PV00572	f	f
777740	177	CYP2C9	*37	PV00573	f	f
777742	177	CYP2C9	*38	PV00574	f	f
777744	177	CYP2C9	*39	PV00575	f	f
777748	177	CYP2C9	*41	PV00577	f	f
777750	177	CYP2C9	*42	PV00578	f	f
777752	177	CYP2C9	*43	PV00579	f	f
777756	177	CYP2C9	*45	PV00581	f	f
777760	177	CYP2C9	*47	PV00583	f	f
777762	177	CYP2C9	*48	PV00584	f	f
777764	177	CYP2C9	*49	PV00585	f	f
777676	177	CYP2C9	*5	PV00541	f	f
777768	177	CYP2C9	*51	PV00587	f	f
777472	177	CYP2B6	*27	PV00765	f	f
2899142	91	CYP2B6	*39	PV02266	f	f
6237977	20	SLCO1B1	*54	PV02977	f	f
2899146	91	CYP2B6	*41	PV02270	f	f
2899148	91	CYP2B6	*42	PV02272	f	f
2899150	91	CYP2B6	*43	PV02274	f	f
2899152	91	CYP2B6	*44	PV02276	f	f
777430	177	CYP2B6	*5	PV00743	f	f
777530	177	CYP2C19	*38	PV02145	t	f
777936	177	CYP2D6	*1	PV00426	t	f
777954	177	CYP2D6	*10	PV00435	f	f
778118	177	CYP2D6	*100	PV00517	f	f
778120	177	CYP2D6	*101	PV00518	f	f
778122	177	CYP2D6	*102	PV00519	f	f
778124	177	CYP2D6	*103	PV00520	f	f
778126	177	CYP2D6	*104	PV00521	f	f
778128	177	CYP2D6	*105	PV00522	f	f
778130	177	CYP2D6	*106	PV00523	f	f
778132	177	CYP2D6	*107	PV00524	f	f
778136	177	CYP2D6	*109	PV00526	f	f
777956	177	CYP2D6	*11	PV00436	f	f
778138	177	CYP2D6	*110	PV00527	f	f
778140	177	CYP2D6	*111	PV00528	f	f
778142	177	CYP2D6	*112	PV00529	f	f
778144	177	CYP2D6	*113	PV00530	f	f
777962	177	CYP2D6	*14	PV00439	f	f
777964	177	CYP2D6	*15	PV00440	f	f
777966	177	CYP2D6	*17	PV00441	f	f
777968	177	CYP2D6	*18	PV01591	f	f
777938	177	CYP2D6	*2	PV00427	f	f
777972	177	CYP2D6	*20	PV01749	f	f
777974	177	CYP2D6	*21	PV02825	f	f
777976	177	CYP2D6	*22	PV00446	f	f
777980	177	CYP2D6	*24	PV00448	f	f
777982	177	CYP2D6	*25	PV00449	f	f
777984	177	CYP2D6	*26	PV00450	f	f
7472581	1	CYP2D6	*68+*4	\N	f	f
7472583	1	CYP2D6	*36+*10	\N	f	f
7472585	1	CYP2D6	*13+*1	\N	f	f
7472588	1	CYP2D6	*13+*2	\N	f	f
7472590	1	CYP2D6	*13+*68x2+*4	\N	f	f
7472592	1	CYP2D6	*36x2+*10	\N	f	f
7472595	1	CYP2D6	*68+*2	\N	f	f
777986	177	CYP2D6	*27	PV00451	f	f
777990	177	CYP2D6	*29	PV00453	f	f
777940	177	CYP2D6	*3	PV00428	f	f
777992	177	CYP2D6	*30	PV00454	f	f
777996	177	CYP2D6	*32	PV00456	f	f
777998	177	CYP2D6	*33	PV00457	f	f
778000	177	CYP2D6	*34	PV00458	f	f
778002	177	CYP2D6	*35	PV00459	f	f
778004	177	CYP2D6	*36	PV02379	f	f
778006	177	CYP2D6	*37	PV00461	f	f
778008	177	CYP2D6	*38	PV01592	f	f
778010	177	CYP2D6	*39	PV00463	f	f
777942	177	CYP2D6	*4	PV00429	f	f
778012	177	CYP2D6	*40	PV00464	f	f
7219570	6	NAT2	*70	PV03001	f	f
7219572	6	NAT2	*71	PV03003	f	f
7219574	6	NAT2	*72	PV03005	f	f
7219576	6	NAT2	*73	PV03007	f	f
7219578	6	NAT2	*74	PV03011	f	f
7219580	6	NAT2	*75	PV03009	f	f
6237969	20	SLCO1B1	*50	PV02969	f	f
6237971	20	SLCO1B1	*51	PV02971	f	f
6237973	20	SLCO1B1	*52	PV02973	f	f
6237975	20	SLCO1B1	*53	PV02975	f	f
3827918	32	MT-RNR1	m.1556C>T	\N	f	f
6481200	16	NAT2	*10	PV02400	f	f
6481208	16	NAT2	*19	PV02404	f	f
6481210	16	NAT2	*21	PV02405	f	f
6481216	16	NAT2	*30	PV02408	f	f
6481220	16	NAT2	*32	PV02410	f	f
6481226	16	NAT2	*35	PV02413	f	f
6481230	16	NAT2	*37	PV02415	f	f
779418	99	TPMT	*12	\N	f	f
779430	99	TPMT	*18	\N	f	f
779442	99	TPMT	*24	\N	f	f
779444	99	TPMT	*25	\N	f	f
7473403	1	TPMT	*45	\N	f	f
7473405	1	TPMT	*46	\N	f	f
7473407	1	TPMT	*47	\N	f	f
777446	177	CYP2B6	*13	PV00751	f	f
777458	177	CYP2B6	*20	PV00758	f	f
777488	177	CYP2B6	*35	PV00775	f	f
777688	177	CYP2C9	*11	PV00547	f	f
777696	177	CYP2C9	*15	PV00551	f	f
778146	177	CYP2D6	*114	PV00531	f	f
777710	177	CYP2C9	*22	PV00558	f	f
777674	177	CYP2C9	*4	PV00540	f	f
777546	177	CYP2C19	*8	PV02136	f	f
778148	177	CYP2D6	*115	PV00532	f	f
778150	177	CYP2D6	*116	PV00533	f	f
778152	177	CYP2D6	*117	PV00534	f	f
778156	177	CYP2D6	*119	PV00536	f	f
3318597	76	CYP4F2	*14	PV02326	f	f
6481236	16	NAT2	*40	PV02418	f	f
778162	177	CYP2D6	*122	PV00632	f	f
778164	177	CYP2D6	*123	PV00633	f	f
778166	177	CYP2D6	*124	PV00634	f	f
778168	177	CYP2D6	*125	PV00681	f	f
778170	177	CYP2D6	*126	PV00682	f	f
779432	99	TPMT	*19	\N	f	f
778172	177	CYP2D6	*127	PV00635	f	f
779434	99	TPMT	*20	\N	f	f
3827872	32	MT-RNR1	m.663A>G	\N	f	f
779436	99	TPMT	*21	\N	f	f
778176	177	CYP2D6	*129	PV00684	f	f
3827874	32	MT-RNR1	m.669T>C	\N	f	f
778098	177	CYP2D6	*90	PV00507	f	f
2784574	95	CYP4F2	*5	PV02223	f	f
3827876	32	MT-RNR1	m.747A>G	\N	f	f
6481190	16	NAT2	*1	PV02395	t	f
6481204	16	NAT2	*15	PV02402	f	f
6481206	16	NAT2	*16	PV02403	f	f
828095	98	MT-RNR1	Reference	\N	t	f
6481212	16	NAT2	*27	PV02406	f	f
3827878	32	MT-RNR1	m.786G>A	\N	f	f
6481240	16	NAT2	*42	PV02420	f	f
6481218	16	NAT2	*31	PV02409	f	f
6481250	16	NAT2	*47	PV02425	f	f
6481222	16	NAT2	*33	PV02411	f	f
6481194	16	NAT2	*5	PV02397	f	f
6481228	16	NAT2	*36	PV02414	f	f
6481232	16	NAT2	*38	PV02416	f	f
6481192	16	NAT2	*4	PV02396	f	f
6481238	16	NAT2	*41	PV02419	f	f
6481244	16	NAT2	*44	PV02422	f	f
6481264	16	NAT2	*54	PV02771	f	f
6481246	16	NAT2	*45	PV02423	f	f
3827880	32	MT-RNR1	m.807A>C	\N	f	f
3827882	32	MT-RNR1	m.807A>G	\N	f	f
3827884	32	MT-RNR1	m.827A>G	\N	f	f
3827886	32	MT-RNR1	m.839A>G	\N	f	f
3827888	32	MT-RNR1	m.896A>G	\N	f	f
6481248	16	NAT2	*46	PV02424	f	f
3827892	32	MT-RNR1	m.951G>A	\N	f	f
3827894	32	MT-RNR1	m.960C>del	\N	f	f
3827896	32	MT-RNR1	m.961T>G	\N	f	f
3827898	32	MT-RNR1	m.961T>del	\N	f	f
6481282	16	NAT2	*63	PV02797	f	f
3827900	32	MT-RNR1	m.961T>del+Cn	\N	f	f
3827902	32	MT-RNR1	m.988G>A	\N	f	f
6481272	16	NAT2	*58	PV02787	f	f
3827904	32	MT-RNR1	m.1095T>C	\N	f	f
3827906	32	MT-RNR1	m.1189T>C	\N	f	f
6481284	16	NAT2	*64	PV02799	f	f
6481254	16	NAT2	*49	PV02427	f	f
6481256	16	NAT2	*50	PV02428	f	f
3827908	32	MT-RNR1	m.1243T>C	\N	f	f
3827910	32	MT-RNR1	m.1494C>T	\N	f	f
3827912	32	MT-RNR1	m.1520T>C	\N	f	f
3827914	32	MT-RNR1	m.1537C>T	\N	f	f
3827916	32	MT-RNR1	m.1555A>G	\N	f	f
779341	170	SLCO1B1	*33	PV01646	f	f
6481258	16	NAT2	*51	PV02640	f	f
779438	99	TPMT	*22	\N	f	f
6481262	16	NAT2	*53	PV02644	f	f
779406	99	TPMT	*6	\N	f	f
6481266	16	NAT2	*55	PV02776	f	f
6481268	16	NAT2	*56	PV02783	f	f
6481274	16	NAT2	*59	PV02789	f	f
6481196	16	NAT2	*6	PV02398	f	f
6481276	16	NAT2	*60	PV02791	f	f
6481280	16	NAT2	*62	PV02795	f	f
6481198	16	NAT2	*7	PV02399	f	f
779313	170	SLCO1B1	*19	PV01634	f	f
1002691	161	SLCO1B1	*40	PV01652	f	f
779394	99	TPMT	*2	\N	f	f
779329	170	SLCO1B1	*27	PV01640	f	f
1002705	161	SLCO1B1	*47	PV01659	f	f
779396	99	TPMT	*3A	\N	f	f
779398	99	TPMT	*3B	\N	f	f
779400	99	TPMT	*3C	\N	f	f
777262	99	CACNA1S	Reference	\N	t	f
779402	99	TPMT	*4	\N	f	f
777266	99	CACNA1S	c.3257G>A	\N	f	f
779408	99	TPMT	*7	\N	f	f
779410	99	TPMT	*8	\N	f	f
779412	99	TPMT	*9	\N	f	f
779414	99	TPMT	*10	\N	f	f
777339	99	CFTR	F1074L	\N	f	f
777379	99	CFTR	S549R(A>C)	\N	f	f
779420	99	TPMT	*13	\N	f	f
779392	99	TPMT	*1	\N	t	f
779404	99	TPMT	*5	\N	f	f
779422	99	TPMT	*14	\N	f	f
779424	99	TPMT	*15	\N	f	f
779426	99	TPMT	*16	\N	f	f
779428	99	TPMT	*17	\N	f	f
779440	99	TPMT	*23	\N	f	f
779416	99	TPMT	*11	\N	f	f
778218	177	CYP3A5	*1	PV01323	t	f
779500	99	UGT1A1	*80	\N	f	f
779502	99	UGT1A1	*80+*28	\N	f	f
779504	99	UGT1A1	*80+*37	\N	f	f
778222	177	CYP3A5	*3	PV01325	f	f
778230	177	CYP3A5	*7	PV01329	f	f
779507	99	VKORC1	rs9923231 reference (C)	\N	t	f
779160	99	RYR1	c.742G>A	\N	f	f
3685398	38	RYR1	c.1144C>A	\N	f	f
779509	99	VKORC1	rs9923231 variant (T)	\N	f	f
3685428	38	RYR1	c.1565A>G	\N	f	f
3685458	38	RYR1	c.2537C>T	\N	f	f
778232	177	CYP3A5	*8	PV01330	f	f
778234	177	CYP3A5	*9	PV01331	f	f
3685488	38	RYR1	c.4024A>G	\N	f	f
779064	176	NUDT15	*1	PV01597	t	f
779082	176	NUDT15	*10	PV01606	f	f
3685520	38	RYR1	c.5440A>G	\N	f	f
779084	176	NUDT15	*11	PV01607	f	f
779086	176	NUDT15	*12	PV01608	f	f
779088	176	NUDT15	*13	PV01609	f	f
779090	176	NUDT15	*14	PV01610	f	f
779092	176	NUDT15	*15	PV01611	f	f
3685550	38	RYR1	c.6488G>T	\N	f	f
779094	176	NUDT15	*16	PV01612	f	f
779096	176	NUDT15	*17	PV01613	f	f
779098	176	NUDT15	*18	PV01614	f	f
779100	176	NUDT15	*19	PV01615	f	f
779102	176	NUDT15	*20	PV01616	f	f
3685580	38	RYR1	c.6743G>A	\N	f	f
779202	99	RYR1	c.7063C>T	\N	f	f
5881976	26	NUDT15	*21	PV02804	f	f
779206	99	RYR1	c.7282G>A	\N	f	f
779068	176	NUDT15	*3	PV01599	f	f
779070	176	NUDT15	*4	PV01600	f	f
779072	176	NUDT15	*5	PV01601	f	f
779074	176	NUDT15	*6	PV01602	f	f
3685646	38	RYR1	c.7292A>T	\N	f	f
779220	99	RYR1	c.7373G>A	\N	f	f
779076	176	NUDT15	*7	PV01603	f	f
779078	176	NUDT15	*8	PV01604	f	f
1002699	161	SLCO1B1	*44	PV01656	f	f
3685704	38	RYR1	c.7879G>C	\N	f	f
3685734	38	RYR1	c.8654C>G	\N	f	f
3685764	38	RYR1	c.9850T>A	\N	f	f
3685794	38	RYR1	c.11120G>T	\N	f	f
3685824	38	RYR1	c.11958C>G	\N	f	f
3685854	38	RYR1	c.12533G>T	\N	f	f
3685884	38	RYR1	c.13918A>G	\N	f	f
3685914	38	RYR1	c.14422_14423delinsAA	\N	f	f
779446	99	TPMT	*26	\N	f	f
779448	99	TPMT	*27	\N	f	f
779450	99	TPMT	*28	\N	f	f
779452	99	TPMT	*29	\N	f	f
779454	99	TPMT	*30	\N	f	f
779456	99	TPMT	*31	\N	f	f
779458	99	TPMT	*32	\N	f	f
779460	99	TPMT	*33	\N	f	f
779462	99	TPMT	*34	\N	f	f
779464	99	TPMT	*35	\N	f	f
779466	99	TPMT	*36	\N	f	f
779468	99	TPMT	*37	\N	f	f
779470	99	TPMT	*38	\N	f	f
779472	99	TPMT	*39	\N	f	f
779474	99	TPMT	*40	\N	f	f
779476	99	TPMT	*41	\N	f	f
779478	99	TPMT	*42	\N	f	f
779480	99	TPMT	*43	\N	f	f
779482	99	TPMT	*44	\N	f	f
779488	99	UGT1A1	*1	\N	t	f
779490	99	UGT1A1	*6	\N	f	f
779492	99	UGT1A1	*27	\N	f	f
779494	99	UGT1A1	*28	\N	f	f
779496	99	UGT1A1	*36	\N	f	f
1508724	80	ABCG2	rs2231142 reference (G)	\N	t	f
779498	99	UGT1A1	*37	\N	f	f
3685326	38	RYR1	c.178G>T	\N	f	f
3685324	38	RYR1	c.178G>A	\N	f	f
3318589	76	CYP4F2	*10	PV02318	f	f
3685328	38	RYR1	c.190T>C	\N	f	f
3685330	38	RYR1	c.212C>A	\N	f	f
778228	177	CYP3A5	*6	PV01328	f	f
3685332	38	RYR1	c.251C>T	\N	f	f
3685334	38	RYR1	c.418G>A	\N	f	f
3685336	38	RYR1	c.455C>A	\N	f	f
3685338	38	RYR1	c.463C>A	\N	f	f
3685340	38	RYR1	c.467G>A	\N	f	f
3685342	38	RYR1	c.479A>G	\N	f	f
779154	99	RYR1	c.487C>T	\N	f	f
779156	99	RYR1	c.488G>T	\N	f	f
3685348	38	RYR1	c.488G>A	\N	f	f
3685350	38	RYR1	c.493G>A	\N	f	f
3685352	38	RYR1	c.496G>A	\N	f	f
3685354	38	RYR1	c.497A>G	\N	f	f
3685356	38	RYR1	c.526G>A	\N	f	f
3685358	38	RYR1	c.528G>T	\N	f	f
3685360	38	RYR1	c.529C>T	\N	f	f
3685362	38	RYR1	c.533A>G	\N	f	f
3685542	38	RYR1	c.6478G>A	\N	f	f
3685364	38	RYR1	c.533A>C	\N	f	f
3685368	38	RYR1	c.641C>T	\N	f	f
3685370	38	RYR1	c.652G>A	\N	f	f
3685372	38	RYR1	c.677T>A	\N	f	f
3685374	38	RYR1	c.680A>T	\N	f	f
779158	99	RYR1	c.742G>C	\N	f	f
3685380	38	RYR1	c.946C>T	\N	f	f
3685382	38	RYR1	c.947G>T	\N	f	f
779162	99	RYR1	c.982C>T	\N	f	f
3685386	38	RYR1	c.992_994dup	\N	f	f
779164	99	RYR1	c.1021G>A	\N	f	f
779166	99	RYR1	c.1021G>C	\N	f	f
3685392	38	RYR1	c.1024G>A	\N	f	f
3685394	38	RYR1	c.1100G>A	\N	f	f
3685396	38	RYR1	c.1100G>T	\N	f	f
779168	99	RYR1	c.1201C>T	\N	f	f
3685402	38	RYR1	c.1201C>A	\N	f	f
3685404	38	RYR1	c.1201C>G	\N	f	f
3685406	38	RYR1	c.1202G>T	\N	f	f
3685408	38	RYR1	c.1202G>A	\N	f	f
779170	99	RYR1	c.1209C>G	\N	f	f
3685412	38	RYR1	c.1411C>T	\N	f	f
3685414	38	RYR1	c.1422G>T	\N	f	f
3685416	38	RYR1	c.1453A>G	\N	f	f
3685418	38	RYR1	c.1459C>G	\N	f	f
3685420	38	RYR1	c.1460T>C	\N	f	f
3685422	38	RYR1	c.1475G>A	\N	f	f
3685424	38	RYR1	c.1553T>C	\N	f	f
779172	99	RYR1	c.1565A>C	\N	f	f
779174	99	RYR1	c.1589G>A	\N	f	f
779176	99	RYR1	c.1597C>T	\N	f	f
3685434	38	RYR1	c.1597C>A	\N	f	f
779178	99	RYR1	c.1598G>A	\N	f	f
3685438	38	RYR1	c.1615T>C	\N	f	f
3685440	38	RYR1	c.1615T>G	\N	f	f
3685442	38	RYR1	c.1630G>T	\N	f	f
779180	99	RYR1	c.1654C>T	\N	f	f
3685446	38	RYR1	c.1834G>C	\N	f	f
779182	99	RYR1	c.1840C>T	\N	f	f
779184	99	RYR1	c.1841G>T	\N	f	f
3685452	38	RYR1	c.2050G>C	\N	f	f
3685454	38	RYR1	c.2122G>A	\N	f	f
3685456	38	RYR1	c.2447C>T	\N	f	f
3685460	38	RYR1	c.2654G>A	\N	f	f
3685462	38	RYR1	c.2797G>A	\N	f	f
3685464	38	RYR1	c.2924G>A	\N	f	f
3685466	38	RYR1	c.2996G>A	\N	f	f
3685468	38	RYR1	c.3095G>A	\N	f	f
3685470	38	RYR1	c.3127C>T	\N	f	f
3685472	38	RYR1	c.3166G>C	\N	f	f
3685474	38	RYR1	c.3166G>A	\N	f	f
3685476	38	RYR1	c.3172G>A	\N	f	f
3685478	38	RYR1	c.3224G>A	\N	f	f
3685480	38	RYR1	c.3418C>T	\N	f	f
3685482	38	RYR1	c.3527C>T	\N	f	f
3685484	38	RYR1	c.3656A>C	\N	f	f
3685486	38	RYR1	c.3667G>A	\N	f	f
3685490	38	RYR1	c.4178A>G	\N	f	f
3685492	38	RYR1	c.4400A>G	\N	f	f
3685494	38	RYR1	c.4711A>G	\N	f	f
3685496	38	RYR1	c.4747C>T	\N	f	f
3685498	38	RYR1	c.4763C>T	\N	f	f
3685500	38	RYR1	c.4775C>T	\N	f	f
3685502	38	RYR1	c.5024T>C	\N	f	f
3685504	38	RYR1	c.5033A>G	\N	f	f
3685506	38	RYR1	c.5036G>A	\N	f	f
3685508	38	RYR1	c.5132A>G	\N	f	f
3685510	38	RYR1	c.5183C>T	\N	f	f
3685512	38	RYR1	c.5186T>G	\N	f	f
3685514	38	RYR1	c.5317C>T	\N	f	f
3685516	38	RYR1	c.5341T>C	\N	f	f
3685518	38	RYR1	c.5360C>T	\N	f	f
3685522	38	RYR1	c.5441T>A	\N	f	f
3685524	38	RYR1	c.5890C>T	\N	f	f
3685526	38	RYR1	c.6037A>C	\N	f	f
3685528	38	RYR1	c.6178G>T	\N	f	f
3685530	38	RYR1	c.6302T>A	\N	f	f
3685532	38	RYR1	c.6304G>C	\N	f	f
3685534	38	RYR1	c.6349G>C	\N	f	f
3685536	38	RYR1	c.6377G>A	\N	f	f
3685538	38	RYR1	c.6387C>G	\N	f	f
3685540	38	RYR1	c.6388G>A	\N	f	f
779186	99	RYR1	c.6487C>T	\N	f	f
779188	99	RYR1	c.6488G>A	\N	f	f
3685548	38	RYR1	c.6488G>C	\N	f	f
779190	99	RYR1	c.6502G>A	\N	f	f
3685554	38	RYR1	c.6544A>T	\N	f	f
3685556	38	RYR1	c.6548G>A	\N	f	f
3685558	38	RYR1	c.6599C>T	\N	f	f
3685982	38	RYR1	c.15060G>C	\N	f	f
3685984	38	RYR1	c.14364+1G>T	\N	f	f
778104	177	CYP2D6	*93	PV00510	f	f
778238	176	CYP4F2	*1	PV02212	t	f
3318591	76	CYP4F2	*11	PV02320	f	f
779148	99	RYR1	Reference	\N	t	f
3685308	38	RYR1	c.38T>G	\N	f	f
3685316	38	RYR1	c.119G>C	\N	f	f
779152	99	RYR1	c.130C>T	\N	f	f
3685320	38	RYR1	c.131G>A	\N	f	f
3685322	38	RYR1	c.152C>A	\N	f	f
779150	99	RYR1	c.103T>C	\N	f	f
3685310	38	RYR1	c.51_53del	\N	f	f
3685312	38	RYR1	c.97A>G	\N	f	f
778401	99	DPYD	c.1403C>A	\N	f	f
778429	99	DPYD	c.1796T>C	\N	f	f
778451	99	DPYD	c.2195T>G	\N	f	f
778467	99	DPYD	c.2656C>T	\N	f	f
778469	99	DPYD	c.2657G>A (*9B)	\N	f	f
778471	99	DPYD	c.2846A>T	\N	f	f
778481	99	DPYD	c.2978T>G	\N	f	f
778487	99	DPYD	c.3049G>A	\N	f	f
778489	99	DPYD	c.3061G>C	\N	f	f
778415	99	DPYD	c.1615G>A	\N	f	f
778455	99	DPYD	c.2303C>A	\N	f	f
778457	99	DPYD	c.2336C>A	\N	f	f
778491	99	DPYD	c.3067C>A	\N	f	f
3685366	38	RYR1	c.625G>A	\N	f	f
3942827	31	DPYD	c.1129-5923C>G	\N	f	f
3685560	38	RYR1	c.6612C>G	\N	f	f
779194	99	RYR1	c.6617C>T	\N	f	f
3685566	38	RYR1	c.6628G>T	\N	f	f
3685568	38	RYR1	c.6635T>A	\N	f	f
3685570	38	RYR1	c.6640G>A	\N	f	f
778387	99	DPYD	c.1260T>A	\N	f	f
778389	99	DPYD	c.1278G>T	\N	f	f
778473	99	DPYD	c.2872A>G	\N	f	f
778475	99	DPYD	c.2915A>G	\N	f	f
778431	99	DPYD	c.1896T>C	\N	f	f
778403	99	DPYD	c.1475C>T	\N	f	f
778477	99	DPYD	c.2921A>T	\N	f	f
3685572	38	RYR1	c.6671G>A	\N	f	f
3685574	38	RYR1	c.6670C>T	\N	f	f
3685578	38	RYR1	c.6742C>T	\N	f	f
3685582	38	RYR1	c.6757C>T	\N	f	f
3685584	38	RYR1	c.6838G>A	\N	f	f
3685586	38	RYR1	c.6847A>C	\N	f	f
3685588	38	RYR1	c.6961A>G	\N	f	f
779196	99	RYR1	c.7007G>A	\N	f	f
2899144	91	CYP2B6	*40	PV02268	f	f
2899160	91	CYP2B6	*48	PV02284	f	f
777586	177	CYP2C19	*31	PV00625	f	f
777596	172	CYP2C19	*36	PV00730	f	t
777668	177	CYP2C9	*1	PV00537	t	f
778363	99	DPYD	c.929T>C	\N	f	f
777708	177	CYP2C9	*21	PV00557	f	f
777718	177	CYP2C9	*26	PV00562	f	f
777736	177	CYP2C9	*35	PV00571	f	f
777754	177	CYP2C9	*44	PV00580	f	f
777808	177	CYP2C9	*71	PV01444	f	f
778158	177	CYP2D6	*120	PV00630	f	f
777960	172	CYP2D6	*13	PV00438	f	t
778194	177	CYP2D6	*138	PV00722	f	f
2091248	121	CYP2D6	*158	PV01951	f	f
778198	177	CYP2D6	*140	PV01361	f	f
2677041	99	CYP2D6	*165	PV02201	f	f
778329	99	DPYD	c.46C>G	\N	f	f
778331	99	DPYD	c.61C>T	\N	f	f
778333	99	DPYD	c.62G>A	\N	f	f
778335	99	DPYD	c.85T>C (*9A)	\N	f	f
778339	99	DPYD	c.313G>A	\N	f	f
778347	99	DPYD	c.498G>A	\N	f	f
1932995	127	CYP2C9	*81	PV01790	f	f
778349	99	DPYD	c.525G>A	\N	f	f
778351	99	DPYD	c.557A>G	\N	f	f
778353	99	DPYD	c.601A>C	\N	f	f
778355	99	DPYD	c.632A>G	\N	f	f
778357	99	DPYD	c.703C>T (*8)	\N	f	f
778359	99	DPYD	c.775A>G	\N	f	f
778365	99	DPYD	c.934C>T	\N	f	f
778367	99	DPYD	c.967G>A	\N	f	f
778369	99	DPYD	c.1003G>T (*11)	\N	f	f
778371	99	DPYD	c.1024G>A	\N	f	f
778377	99	DPYD	c.1129-5923C>G, c.1236G>A (HapB3)	\N	f	f
778373	99	DPYD	c.1057C>T	\N	f	f
778379	99	DPYD	c.1156G>T (*12)	\N	f	f
778381	99	DPYD	c.1180C>T	\N	f	f
778383	99	DPYD	c.1181G>T	\N	f	f
778385	99	DPYD	c.1218G>A	\N	f	f
778391	99	DPYD	c.1294G>A	\N	f	f
778393	99	DPYD	c.1314T>G	\N	f	f
778395	99	DPYD	c.1349C>T	\N	f	f
778397	99	DPYD	c.1358C>G	\N	f	f
778341	99	DPYD	c.343A>G	\N	f	f
778375	99	DPYD	c.1108A>G	\N	f	f
778405	99	DPYD	c.1484A>G	\N	f	f
778134	177	CYP2D6	*108	PV00525	f	f
778154	177	CYP2D6	*118	PV00535	f	f
2091240	121	CYP2D6	*154	PV01934	f	f
778399	99	DPYD	c.1371C>T	\N	f	f
778407	99	DPYD	c.1519G>A	\N	f	f
778409	99	DPYD	c.1543G>A	\N	f	f
778327	99	DPYD	Reference	\N	t	f
778411	99	DPYD	c.1577C>G	\N	f	f
778413	99	DPYD	c.1601G>A (*4)	\N	f	f
778433	99	DPYD	c.1898delC (*3)	\N	f	f
778417	99	DPYD	c.1627A>G (*5)	\N	f	f
778437	99	DPYD	c.1905+1G>A (*2A)	\N	f	f
778445	99	DPYD	c.2161G>A	\N	f	f
778447	99	DPYD	c.2186C>T	\N	f	f
778459	99	DPYD	c.2482G>A	\N	f	f
778419	99	DPYD	c.1679T>G (*13)	\N	f	f
778421	99	DPYD	c.1682G>T	\N	f	f
778423	99	DPYD	c.1774C>T	\N	f	f
778425	99	DPYD	c.1775G>A	\N	f	f
778427	99	DPYD	c.1777G>A	\N	f	f
778461	99	DPYD	c.2582A>G	\N	f	f
778449	99	DPYD	c.2194G>A (*6)	\N	f	f
778463	99	DPYD	c.2623A>C	\N	f	f
779192	99	RYR1	c.6617C>G	\N	f	f
3685576	38	RYR1	c.6710G>A	\N	f	f
778465	99	DPYD	c.2639G>T	\N	f	f
778479	99	DPYD	c.2933A>G	\N	f	f
3685592	38	RYR1	c.7018T>C	\N	f	f
778343	99	DPYD	c.451A>G	\N	f	f
778345	99	DPYD	c.496A>G	\N	f	f
778361	99	DPYD	c.868A>G	\N	f	f
777422	177	CYP2B6	*1	PV00738	t	f
777424	177	CYP2B6	*2	PV00740	f	f
777426	177	CYP2B6	*3	PV00741	f	f
1508726	80	ABCG2	rs2231142 variant (T)	\N	f	f
777264	99	CACNA1S	c.520C>T	\N	f	f
777315	99	CFTR	711+3A->G	\N	f	f
777309	99	CFTR	2789+5G->A	\N	f	f
777311	99	CFTR	3272-26A->G	\N	f	f
777313	99	CFTR	3849+10kbC->T	\N	f	f
777319	99	CFTR	A455E	\N	f	f
777317	99	CFTR	A1067T	\N	f	f
777321	99	CFTR	D110E	\N	f	f
777323	99	CFTR	D110H	\N	f	f
777329	99	CFTR	D579G	\N	f	f
777325	99	CFTR	D1152H	\N	f	f
777327	99	CFTR	D1270N	\N	f	f
777331	99	CFTR	E193K	\N	f	f
777335	99	CFTR	E831X	\N	f	f
777337	99	CFTR	F1052V	\N	f	f
777347	99	CFTR	G178R	\N	f	f
777349	99	CFTR	G551D	\N	f	f
777351	99	CFTR	G551S	\N	f	f
777341	99	CFTR	G1069R	\N	f	f
777343	99	CFTR	G1244E	\N	f	f
777345	99	CFTR	G1349D	\N	f	f
777353	99	CFTR	K1060T	\N	f	f
777355	99	CFTR	L206W	\N	f	f
777371	99	CFTR	R74W	\N	f	f
777363	99	CFTR	R117C	\N	f	f
777365	99	CFTR	R117H	\N	f	f
777367	99	CFTR	R347H	\N	f	f
777369	99	CFTR	R352Q	\N	f	f
777359	99	CFTR	R1070Q	\N	f	f
777361	99	CFTR	R1070W	\N	f	f
777377	99	CFTR	S549N	\N	f	f
777381	99	CFTR	S549R(T>G)	\N	f	f
777383	99	CFTR	S945L	\N	f	f
777385	99	CFTR	S977F	\N	f	f
777373	99	CFTR	S1251N	\N	f	f
777375	99	CFTR	S1255P	\N	f	f
777582	177	CYP2C19	*29	PV00623	f	f
777584	177	CYP2C19	*30	PV02141	f	f
777588	177	CYP2C19	*32	PV00626	f	f
777590	177	CYP2C19	*33	PV00627	f	f
778160	177	CYP2D6	*121	PV00631	f	f
778174	177	CYP2D6	*128	PV01408	f	f
6481202	16	NAT2	*14	PV02401	f	f
6481214	16	NAT2	*29	PV02407	f	f
6481224	16	NAT2	*34	PV02412	f	f
6481234	16	NAT2	*39	PV02417	f	f
6481242	16	NAT2	*43	PV02421	f	f
6481252	16	NAT2	*48	PV02426	f	f
6481260	16	NAT2	*52	PV02642	f	f
6481270	16	NAT2	*57	PV02785	f	f
6481278	16	NAT2	*61	PV02793	f	f
779295	170	SLCO1B1	*10	PV01627	f	f
778100	177	CYP2D6	*91	PV00508	f	f
778102	177	CYP2D6	*92	PV00509	f	f
778106	177	CYP2D6	*94	PV00511	f	f
778110	177	CYP2D6	*96	PV00513	f	f
777307	99	CFTR	ivacaftor non-responsive CFTR sequence	\N	t	f
6606011	7	CFTR	F508C,S1251N	\N	f	f
778439	99	DPYD	c.1906A>C	\N	f	f
778441	99	DPYD	c.1990G>T	\N	f	f
778443	99	DPYD	c.2021G>A	\N	f	f
778666	100	G6PD	B (reference)	\N	t	f
778748	99	G6PD	A- 680T_376G	\N	f	f
778750	99	G6PD	A- 968C_376G	\N	f	f
778916	99	G6PD	Aachen	\N	f	f
778962	99	G6PD	Abeno	\N	f	f
778950	99	G6PD	Alhambra	\N	f	f
778702	99	G6PD	Amazonia	\N	f	f
779006	99	G6PD	Amiens	\N	f	f
778700	99	G6PD	Amsterdam	\N	f	f
778956	99	G6PD	Anadia	\N	f	f
778746	99	G6PD	Ananindeua	\N	f	f
779036	99	G6PD	Arakawa	\N	f	f
778708	99	G6PD	Asahi	\N	f	f
778686	99	G6PD	Aures	\N	f	f
778836	99	G6PD	Aveiro	\N	f	f
778858	99	G6PD	Bajo Maumere	\N	f	f
778844	99	G6PD	Bangkok	\N	f	f
779008	99	G6PD	Bangkok Noi	\N	f	f
778738	99	G6PD	Bao Loc	\N	f	f
778952	99	G6PD	Bari	\N	f	f
778766	99	G6PD	Belem	\N	f	f
779034	99	G6PD	Buenos Aires	\N	f	f
778762	99	G6PD	Cairo	\N	f	f
778922	99	G6PD	Calvo Mackenna	\N	f	f
779032	99	G6PD	Campinas	\N	f	f
779012	99	G6PD	Canton, Taiwan-Hakka, Gifu-like, Agrigento-like	\N	f	f
778994	99	G6PD	Cassano	\N	f	f
778894	99	G6PD	Chatham	\N	f	f
778794	99	G6PD	Chikugo	\N	f	f
778854	99	G6PD	Chinese-1	\N	f	f
778900	99	G6PD	Chinese-5	\N	f	f
778816	99	G6PD	Cincinnati	\N	f	f
778840	99	G6PD	Cleveland Corum	\N	f	f
778896	99	G6PD	Fushan	\N	f	f
778674	99	G6PD	Gaohe	\N	f	f
778978	99	G6PD	Georgia	\N	f	f
778680	99	G6PD	Gidra	\N	f	f
778936	99	G6PD	Guadalajara	\N	f	f
778726	99	G6PD	Guangzhou	\N	f	f
778852	99	G6PD	Haikou	\N	f	f
778734	99	G6PD	Hammersmith	\N	f	f
778818	99	G6PD	Harilaou	\N	f	f
778998	99	G6PD	Harima	\N	f	f
778940	99	G6PD	Hartford	\N	f	f
778710	99	G6PD	Hechi	\N	f	f
779004	99	G6PD	Figuera da Foz	\N	f	f
779018	99	G6PD	Flores	\N	f	f
778996	99	G6PD	Hermoupolis	\N	f	f
778676	99	G6PD	Honiara	\N	f	f
778770	99	G6PD	Ilesha	\N	f	f
778890	99	G6PD	Insuli	\N	f	f
778934	99	G6PD	Iowa, Walter Reed, Springfield	\N	f	f
778908	99	G6PD	Iwatsuki	\N	f	f
778970	99	G6PD	Japan, Shinagawa	\N	f	f
779022	99	G6PD	Kaiping, Anant, Dhon, Sapporo-like, Wosera	\N	f	f
778880	99	G6PD	Kalyan-Kerala, Jamnaga, Rohini	\N	f	f
778688	99	G6PD	Kambos	\N	f	f
779016	99	G6PD	Kamiube, Keelung	\N	f	f
778692	99	G6PD	Kamogawa	\N	f	f
778972	99	G6PD	Kawasaki	\N	f	f
778690	99	G6PD	Kozukata	\N	f	f
778944	99	G6PD	Krakow	\N	f	f
778848	99	G6PD	La Jolla	\N	f	f
778672	99	G6PD	Lages	\N	f	f
779026	99	G6PD	Laibin	\N	f	f
778842	99	G6PD	Lille	\N	f	f
778768	99	G6PD	Liuzhou	\N	f	f
778914	99	G6PD	Loma Linda	\N	f	f
778878	99	G6PD	Ludhiana	\N	f	f
778930	99	G6PD	Lynwood	\N	f	f
778932	99	G6PD	Madrid	\N	f	f
778776	99	G6PD	Mahidol	\N	f	f
778796	99	G6PD	Malaga	\N	f	f
778884	99	G6PD	Manhattan	\N	f	f
778984	99	G6PD	Mediterranean Haplotype	\N	f	f
778696	99	G6PD	Metaponto	\N	f	f
778822	99	G6PD	Mexico City	\N	f	f
778790	99	G6PD	Miaoli	\N	f	f
778814	99	G6PD	Minnesota, Marion, Gastonia, LeJeune	\N	f	f
778902	99	G6PD	Mira d'Aire	\N	f	f
778860	99	G6PD	Mizushima	\N	f	f
778868	99	G6PD	Montalbano	\N	f	f
778920	99	G6PD	Montpellier	\N	f	f
778754	99	G6PD	Mt Sinai	\N	f	f
778974	99	G6PD	Munich	\N	f	f
778718	99	G6PD	Murcia Oristano	\N	f	f
778704	99	G6PD	Musashino	\N	f	f
778716	99	G6PD	Namouru	\N	f	f
778788	99	G6PD	Nankang	\N	f	f
778828	99	G6PD	Nanning	\N	f	f
778784	99	G6PD	Naone	\N	f	f
778882	99	G6PD	Nara	\N	f	f
778948	99	G6PD	Nashville, Anaheim, Portici	\N	f	f
779024	99	G6PD	Neapolis	\N	f	f
779014	99	G6PD	Nice	\N	f	f
778808	99	G6PD	Nilgiri	\N	f	f
778668	99	G6PD	No name	\N	f	f
778824	99	G6PD	North Dallas	\N	f	f
778926	99	G6PD	Olomouc	\N	f	f
778876	99	G6PD	Omiya	\N	f	f
778684	99	G6PD	Orissa	\N	f	f
778866	99	G6PD	Osaka	\N	f	f
778694	99	G6PD	Palestrina	\N	f	f
778862	99	G6PD	Papua	\N	f	f
778904	99	G6PD	Partenope	\N	f	f
778986	99	G6PD	Pawnee	\N	f	f
778864	99	G6PD	Piotrkow	\N	f	f
778778	99	G6PD	Plymouth	\N	f	f
778942	99	G6PD	Praha	\N	f	f
778760	99	G6PD	Quing Yan	\N	f	f
778820	99	G6PD	Radlowo	\N	f	f
778886	99	G6PD	Rehevot	\N	f	f
778682	99	G6PD	Rignano	\N	f	f
778924	99	G6PD	Riley	\N	f	f
778968	99	G6PD	Riverside	\N	f	f
778838	99	G6PD	Roubaix	\N	f	f
778992	99	G6PD	S. Antioco	\N	f	f
778758	99	G6PD	Salerno Pyrgos	\N	f	f
778806	99	G6PD	Santiago	\N	f	f
778736	99	G6PD	Sao Borja	\N	f	f
778856	99	G6PD	Seattle, Lodi, Modena, Ferrara II, Athens-like	\N	f	f
778874	99	G6PD	Seoul	\N	f	f
778910	99	G6PD	Serres	\N	f	f
778772	99	G6PD	Shenzen	\N	f	f
778792	99	G6PD	Shinshu	\N	f	f
778812	99	G6PD	Sibari	\N	f	f
778730	99	G6PD	Sierra Leone	\N	f	f
778670	99	G6PD	Sinnai	\N	f	f
778706	99	G6PD	Songklanagarind	\N	f	f
779028	99	G6PD	Split	\N	f	f
778832	99	G6PD	Stonybrook	\N	f	f
778846	99	G6PD	Sugao	\N	f	f
778982	99	G6PD	Sumare	\N	f	f
778678	99	G6PD	Sunderland	\N	f	f
778980	99	G6PD	Surabaya	\N	f	f
778966	99	G6PD	Suwalki	\N	f	f
778720	99	G6PD	Swansea	\N	f	f
3564276	40	G6PD	Telti, Kobe	\N	f	f
778918	99	G6PD	Tenri	\N	f	f
778976	99	G6PD	Tokyo, Fukushima	\N	f	f
778782	99	G6PD	Toledo	\N	f	f
778928	99	G6PD	Tomah	\N	f	f
778912	99	G6PD	Tondela	\N	f	f
778898	99	G6PD	Torun	\N	f	f
778798	99	G6PD	Tsukui	\N	f	f
778722	99	G6PD	Ube Konan	\N	f	f
779000	99	G6PD	Union,Maewo, Chinese-2, Kalo	\N	f	f
778728	99	G6PD	Urayasu	\N	f	f
778964	99	G6PD	Utrecht	\N	f	f
778764	99	G6PD	Valladolid	\N	f	f
778732	99	G6PD	Vancouver	\N	f	f
778756	99	G6PD	Vanua Lava	\N	f	f
778870	99	G6PD	Viangchan, Jammu	\N	f	f
778892	99	G6PD	Villeurbanne	\N	f	f
778786	99	G6PD	Volendam	\N	f	f
778834	99	G6PD	Wayne	\N	f	f
778850	99	G6PD	Wexham	\N	f	f
778960	99	G6PD	Clinic	\N	f	f
778804	99	G6PD	Coimbra Shunde	\N	f	f
779010	99	G6PD	Cosenza	\N	f	f
778698	99	G6PD	Costanzo	\N	f	f
778958	99	G6PD	Covao do Lobo	\N	f	f
778740	99	G6PD	Crispim	\N	f	f
778810	99	G6PD	Dagua	\N	f	f
778830	99	G6PD	Durham	\N	f	f
778888	99	G6PD	Farroupilha	\N	f	f
779030	99	G6PD	Fukaya	\N	f	f
3685614	38	RYR1	c.7076G>A	\N	f	f
3685616	38	RYR1	c.7075C>T	\N	f	f
3685618	38	RYR1	c.7084G>A	\N	f	f
3685620	38	RYR1	c.7085A>G	\N	f	f
3685622	38	RYR1	c.7089C>G	\N	f	f
3685624	38	RYR1	c.7090T>G	\N	f	f
3685608	38	RYR1	c.7060G>A	\N	f	f
3685612	38	RYR1	c.7073T>A	\N	f	f
3685626	38	RYR1	c.7097C>G	\N	f	f
3685628	38	RYR1	c.7099G>A	\N	f	f
3685630	38	RYR1	c.7112A>G	\N	f	f
3685632	38	RYR1	c.7123G>A	\N	f	f
779204	99	RYR1	c.7124G>C	\N	f	f
3685636	38	RYR1	c.7199A>G	\N	f	f
3685638	38	RYR1	c.7210G>A	\N	f	f
3685642	38	RYR1	c.7291G>A	\N	f	f
3685644	38	RYR1	c.7291G>T	\N	f	f
779208	99	RYR1	c.7300G>A	\N	f	f
779210	99	RYR1	c.7304G>A	\N	f	f
3685652	38	RYR1	c.7304G>T	\N	f	f
3685654	38	RYR1	c.7307G>A	\N	f	f
3685656	38	RYR1	c.7310C>T	\N	f	f
3685658	38	RYR1	c.7317G>C	\N	f	f
779212	99	RYR1	c.7354C>T	\N	f	f
3685662	38	RYR1	c.7355G>A	\N	f	f
3685664	38	RYR1	c.7355G>C	\N	f	f
3685666	38	RYR1	c.7358T>C	\N	f	f
779214	99	RYR1	c.7360C>T	\N	f	f
779216	99	RYR1	c.7361G>A	\N	f	f
779218	99	RYR1	c.7372C>T	\N	f	f
3685676	38	RYR1	c.7373G>T	\N	f	f
3685678	38	RYR1	c.7385C>T	\N	f	f
3685680	38	RYR1	c.7487C>T	\N	f	f
779222	99	RYR1	c.7522C>T	\N	f	f
779224	99	RYR1	c.7522C>G	\N	f	f
779226	99	RYR1	c.7523G>A	\N	f	f
3685688	38	RYR1	c.7528T>C	\N	f	f
3685690	38	RYR1	c.7760A>G	\N	f	f
3685692	38	RYR1	c.7771C>G	\N	f	f
3685696	38	RYR1	c.7777C>G	\N	f	f
3685698	38	RYR1	c.7778G>A	\N	f	f
3685700	38	RYR1	c.7787C>T	\N	f	f
3685702	38	RYR1	c.7816T>A	\N	f	f
3685706	38	RYR1	c.7879G>A	\N	f	f
3685708	38	RYR1	c.8005G>A	\N	f	f
3685710	38	RYR1	c.8026C>T	\N	f	f
3685712	38	RYR1	c.8054C>T	\N	f	f
3685714	38	RYR1	c.8188G>C	\N	f	f
3685716	38	RYR1	c.8189A>G	\N	f	f
3685718	38	RYR1	c.8198G>A	\N	f	f
3685720	38	RYR1	c.8290G>A	\N	f	f
3685722	38	RYR1	c.8327C>T	\N	f	f
3685724	38	RYR1	c.8360C>G	\N	f	f
3685728	38	RYR1	c.8527T>C	\N	f	f
3685730	38	RYR1	c.8600T>A	\N	f	f
3685732	38	RYR1	c.8638G>A	\N	f	f
3685736	38	RYR1	c.8729C>T	\N	f	f
3685738	38	RYR1	c.8926C>T	\N	f	f
3685740	38	RYR1	c.9152G>A	\N	f	f
3685742	38	RYR1	c.9268G>A	\N	f	f
779228	99	RYR1	c.9310G>A	\N	f	f
3685746	38	RYR1	c.9356G>A	\N	f	f
3685748	38	RYR1	c.9499C>T	\N	f	f
3685750	38	RYR1	c.9635A>G	\N	f	f
3685752	38	RYR1	c.9649T>C	\N	f	f
3685754	38	RYR1	c.9652G>A	\N	f	f
3685756	38	RYR1	c.9676G>C	\N	f	f
3685760	38	RYR1	c.9797T>C	\N	f	f
3685762	38	RYR1	c.9848G>A	\N	f	f
3685766	38	RYR1	c.9868G>A	\N	f	f
3685768	38	RYR1	c.10042C>T	\N	f	f
3685770	38	RYR1	c.10043G>A	\N	f	f
3685772	38	RYR1	c.10097G>A	\N	f	f
3685774	38	RYR1	c.10100A>G	\N	f	f
3685776	38	RYR1	c.10229C>A	\N	f	f
3685778	38	RYR1	c.10237A>T	\N	f	f
3685780	38	RYR1	c.10252A>G	\N	f	f
3685782	38	RYR1	c.10556C>T	\N	f	f
3685784	38	RYR1	c.10616G>A	\N	f	f
3685786	38	RYR1	c.10747G>C	\N	f	f
3685788	38	RYR1	c.10750G>C	\N	f	f
3685792	38	RYR1	c.11086G>C	\N	f	f
3685796	38	RYR1	c.11126C>T	\N	f	f
3685798	38	RYR1	c.11132C>T	\N	f	f
3685800	38	RYR1	c.11266C>G	\N	f	f
3685802	38	RYR1	c.11315G>A	\N	f	f
3685804	38	RYR1	c.11314C>T	\N	f	f
3685806	38	RYR1	c.11416G>A	\N	f	f
3685808	38	RYR1	c.11518G>A	\N	f	f
3685810	38	RYR1	c.11708G>A	\N	f	f
3685812	38	RYR1	c.11723A>T	\N	f	f
3685814	38	RYR1	c.11748T>G	\N	f	f
3685816	38	RYR1	c.11798A>G	\N	f	f
3685818	38	RYR1	c.11813G>A	\N	f	f
3685820	38	RYR1	c.11947C>T	\N	f	f
779230	99	RYR1	c.11969G>T	\N	f	f
3685828	38	RYR1	c.12028G>A	\N	f	f
3685830	38	RYR1	c.12064A>G	\N	f	f
3685832	38	RYR1	c.12115A>T	\N	f	f
3685834	38	RYR1	c.12121C>T	\N	f	f
3685836	38	RYR1	c.12149C>A	\N	f	f
3685838	38	RYR1	c.12242C>T	\N	f	f
3685840	38	RYR1	c.12310G>C	\N	f	f
3685842	38	RYR1	c.12355A>T	\N	f	f
3685844	38	RYR1	c.12383C>T	\N	f	f
3685846	38	RYR1	c.12398A>G	\N	f	f
3685848	38	RYR1	c.12406C>A	\N	f	f
3685850	38	RYR1	c.12413T>C	\N	f	f
3685852	38	RYR1	c.12532G>A	\N	f	f
3685858	38	RYR1	c.12689T>G	\N	f	f
3685860	38	RYR1	c.12700G>C	\N	f	f
3685862	38	RYR1	c.12700G>T	\N	f	f
3685864	38	RYR1	c.12848A>T	\N	f	f
3685866	38	RYR1	c.12881C>T	\N	f	f
3685868	38	RYR1	c.12884C>T	\N	f	f
3685870	38	RYR1	c.13505A>G	\N	f	f
3685872	38	RYR1	c.13513G>C	\N	f	f
778946	99	G6PD	Wisconsin	\N	f	f
779020	99	G6PD	Yunan	\N	f	f
3685594	38	RYR1	c.7025A>G	\N	f	f
3685596	38	RYR1	c.7032G>C	\N	f	f
3685598	38	RYR1	c.7035C>A	\N	f	f
3685600	38	RYR1	c.7036G>A	\N	f	f
779198	99	RYR1	c.7042_7044delGAG	\N	f	f
3685604	38	RYR1	c.7043A>G	\N	f	f
779200	99	RYR1	c.7048G>A	\N	f	f
