drugid	name	pharmgkbid	rxnormid	drugbankid	atcid	umlscui	flowchart	version	guidelineid
RxNorm:36453	sevoflurane	PA451341	36453	DB01236	{N01AB08}	\N	https://files.cpicpgx.org/images/flow_chart/Sevoflurane_CDS_Flow_Chart.jpg	322	100427
RxNorm:641	amikacin	PA164744372	641	DB00479	{D06AX12,J01GB06,S01AA21}	\N	\N	222	826283
ATC:M05BA	Bisphosphonates	PA164712563	\N	\N	{M05BA}	\N	\N	106	\N
RxNorm:6026	isoflurane	PA450106	6026	DB00753	{N01AB06}	\N	https://files.cpicpgx.org/images/flow_chart/Isoflurane_CDS_Flow_Chart.jpg	324	100427
RxNorm:704	amitriptyline	PA448385	704	DB00321	{N06AA09,N06CA01}	\N	https://files.cpicpgx.org/images/flow_chart/Amitriptyline_CDS_Flow_Chart.jpg	324	100414
RxNorm:38400	atomoxetine	PA134688071	38400	DB00289	{N06BA09}	\N	https://files.cpicpgx.org/images/flow_chart/Atomoxetine_CDS_Flow_Chart.jpg	245	104243
RxNorm:194000	capecitabine	PA448771	194000	DB01101	{L01BC06}	\N	https://files.cpicpgx.org/images/flow_chart/Capecitabine_CDS_Flow_Chart.jpg	245	100419
RxNorm:6099	kanamycin	PA450137	6099	DB01172	{A07AA08,J01GB04,S01AA24}	\N	\N	222	826283
RxNorm:2002	carbamazepine	PA448785	2002	DB00564	{N03AF01}	\N	https://files.cpicpgx.org/images/flow_chart/Carbamazepine_CDS_Flow_Chart.jpg	324	100423
RxNorm:1731031	lesinurad	PA166160006	1731031	\N	\N	\N	\N	106	\N
RxNorm:20890	lornoxicam	PA165958395	20890	DB06725	{M01AC05}	\N	https://files.cpicpgx.org/images/flow_chart/Lornoxicam_CDS_Flow_Chart.jpg	245	110058
RxNorm:41493	meloxicam	PA450353	41493	DB00814	{M01AC06}	\N	https://files.cpicpgx.org/images/flow_chart/Meloxicam_CDS_Flow_Chart.jpg	245	110058
RxNorm:154	acenocoumarol	PA452632	154	DB01418	{B01AA07}	\N	\N	106	\N
RxNorm:3108	dapsone	PA449211	3108	DB00250	{D10AX05,J04BA02}	\N	https://files.cpicpgx.org/images/flow_chart/G6PD_High_Risk_Drug_CDS_Flow_Chart.jpg	215	2405438
RxNorm:4492	fluorouracil	PA128406956	4492	DB00544	{L01BC02,L01BC52}	\N	https://files.cpicpgx.org/images/flow_chart/5-Fluorouracil_CDS_Flow_Chart.jpg	245	100419
RxNorm:103	mercaptopurine	PA450379	103	DB01033	{L01BB02}	\N	https://files.cpicpgx.org/images/flow_chart/6-Mercaptopurine_CDS_Flow_Chart.jpg	322	100428
RxNorm:6878	methylene blue	PA450457	6878	NA	{NA}	\N	https://files.cpicpgx.org/images/flow_chart/G6PD_High_Risk_Drug_CDS_Flow_Chart.jpg	215	2405438
RxNorm:8687	primaquine	PA451103	8687	DB01087	{P01BA03}	\N	https://files.cpicpgx.org/images/flow_chart/Primaquine_CDS_Flow_Chart.jpg	215	2405438
RxNorm:283821	rasburicase	PA10176	283821	DB00049	{M04AX01,V03AF07}	\N	https://files.cpicpgx.org/images/flow_chart/G6PD_High_Risk_Drug_CDS_Flow_Chart.jpg	245	2405438
RxNorm:72236	fosphenytoin	PA164746820	72236	DB01320	{N03AB05}	\N	https://files.cpicpgx.org/images/flow_chart/Fosphenytoin_CDS_Flow_Chart.jpg	324	100412
RxNorm:9344	ribavirin	PA451241	9344	DB00811	{J05AB04}	\N	\N	242	100424
RxNorm:19831	budesonide	PA448681	19831	DB01222	{A07EA06,D07AC09,R01AD05,R03BA02}	\N	\N	106	\N
ATC:D06AX07	gentamicin	PA449753	1596450	DB00798	{D06AX07,J01GB03,S01AA11,S02AA14,S03AA06}	\N	\N	222	826283
RxNorm:2020	carbimazole	PA164742970	2020	DB00389	{H03BB01}	\N	\N	106	\N
RxNorm:190521	abacavir	PA448004	190521	DB01048	{J05AF06,J05AR02,J05AR13,J05AR04}	\N	https://files.cpicpgx.org/images/flow_chart/Abacavir_CDS_Flow_Chart.jpg	245	100421
RxNorm:519	allopurinol	PA448320	519	DB00437	{M04AA01,M04AA51}	\N	https://files.cpicpgx.org/images/flow_chart/Allopurinol_CDS_Flow_Chart.jpg	245	100422
RxNorm:711942	eltrombopag	PA165981594	711942	\N	{B02BX}	\N	\N	106	\N
RxNorm:10627	tobramycin	PA451704	10627	DB00684	{J01GB01,S01AA12}	\N	\N	222	826283
RxNorm:10638	toluidine blue	PA166268821	10638	NA	{NA}	\N	https://files.cpicpgx.org/images/flow_chart/G6PD_High_Risk_Drug_CDS_Flow_Chart.jpg	167	2405438
RxNorm:27392	tropisetron	PA161925594	27392	DB11699	{A04AA03}	\N	https://files.cpicpgx.org/images/flow_chart/Tropisetron_CDS_Flow_Chart.jpg	244	100417
RxNorm:480	alfentanil	PA448084	480	DB00802	{N01AH02}	\N	\N	299	100416
RxNorm:7833	aminosalicylic acid	PA448382	7833	DB00233	{J04AA01}	\N	https://files.cpicpgx.org/images/flow_chart/G6PD_Low-to-no_Risk_Drug_CDS_Flow_Chart.jpg	167	2405438
RxNorm:1191	aspirin	PA448497	1191	DB00945	{A01AD05,B01AC06,B01AC56,C10BX01,C10BX02,C10BX04,C10BX05,C10BX06,C10BX08,M01BA03,N02BA01,N02BA51,N02BA71}	\N	https://files.cpicpgx.org/images/flow_chart/G6PD_Low-to-no_Risk_Drug_CDS_Flow_Chart.jpg	352	2405438
RxNorm:10109	streptomycin	PA451512	10109	DB01082	{A07AA04,J01GA01}	\N	\N	222	826283
RxNorm:11289	warfarin	PA451906	11289	DB00682	{B01AA03}	\N	\N	398	100425
RxNorm:10154	succinylcholine	PA451522	10154	DB00202	{M03AB01}	\N	https://files.cpicpgx.org/images/flow_chart/Succinylcholine_CDS_Flow_Chart.jpg	322	100427
RxNorm:42316	tacrolimus	PA451578	42316	DB00864	{D11AH01,L04AD02}	\N	https://files.cpicpgx.org/images/flow_chart/Tacrolimus_CDS_Flow_Chart.jpg	244	100418
RxNorm:40048	carboplatin	PA448803	40048	DB00958	{L01XA02}	\N	\N	106	\N
RxNorm:2054023	tafenoquine	PA166115580	2054023	DB06608	{P01BA07}	\N	https://files.cpicpgx.org/images/flow_chart/G6PD_High_Risk_Drug_CDS_Flow_Chart.jpg	215	2405438
RxNorm:2597	clomipramine	PA449048	2597	DB01242	{N06AA04}	\N	https://files.cpicpgx.org/images/flow_chart/Clomipramine_CDS_Flow_Chart.jpg	322	100414
RxNorm:83367	atorvastatin	PA448500	83367	DB01076	{C10AA05}	\N	https://files.cpicpgx.org/images/flow_chart/Atorvastatin_CDS_Flow_Chart.jpg	351	100426
RxNorm:10324	tamoxifen	PA451581	10324	DB00675	{L02BA01}	\N	https://files.cpicpgx.org/images/flow_chart/Tamoxifen_CDS_Flow_Chart.jpg	244	100415
RxNorm:37790	tenoxicam	PA131890625	37790	DB00469	{M01AC02}	\N	https://files.cpicpgx.org/images/flow_chart/Tenoxicam_CDS_Flow_Chart.jpg	245	110058
RxNorm:3247	desipramine	PA449233	3247	DB01151	{N06AA01}	\N	https://files.cpicpgx.org/images/flow_chart/Desipramine_CDS_Flow_Chart.jpg	244	100414
RxNorm:3995	epirubicin	PA449476	3995	DB00445	{L01DB03}	\N	\N	106	\N
RxNorm:284635	fluticasone/salmeterol	PA165290926	284635	\N	\N	\N	\N	106	\N
RxNorm:1819	buprenorphine	PA448685	1819	DB00921	{N02AE01,N07BC01}	\N	\N	292	100416
RxNorm:3638	doxepin	PA449409	3638	DB01142	{N06AA12}	\N	https://files.cpicpgx.org/images/flow_chart/Doxepin_CDS_Flow_Chart.jpg	322	100414
RxNorm:1300786	mirabegron	PA166177513	1300786	DB08893	\N	\N	\N	105	\N
RxNorm:10485	thioguanine	PA451663	10485	DB00352	{L01BB03}	\N	https://files.cpicpgx.org/images/flow_chart/Thioguanine_CDS_Flow_Chart.jpg	322	100428
RxNorm:5691	imipramine	PA449969	5691	DB00458	{N06AA02}	\N	https://files.cpicpgx.org/images/flow_chart/Imipramine_CDS_Flow_Chart.jpg	322	100414
RxNorm:10834	trimipramine	PA451791	10834	DB00726	{N06AA06}	\N	https://files.cpicpgx.org/images/flow_chart/Trimipramine_CDS_Flow_Chart.jpg	322	100414
RxNorm:448	ethanol	PA448073	448	DB00898	{D08AX08,V03AB16,V03AZ01}	\N	\N	106	\N
RxNorm:2551	ciprofloxacin	PA449009	2551	DB00537	{J01MA02,S01AE03,S02AA15,S03AA07}	\N	https://files.cpicpgx.org/images/flow_chart/G6PD_Low-to-no_Risk_Drug_CDS_Flow_Chart.jpg	215	2405438
RxNorm:321988	escitalopram	PA10074	321988	DB01175	{N06AB10}	\N	https://files.cpicpgx.org/images/flow_chart/Escitalopram_CDS_Flow_Chart.jpg	357	100413
RxNorm:4821	glipizide	PA449762	4821	DB01067	{A10BB07}	\N	\N	214	2405438
RxNorm:4337	fentanyl	PA449599	4337	DB00813	{N01AH01,N02AB03}	\N	\N	299	100416
RxNorm:4815	glyburide	PA449782	4815	DB01016	{A10BB01}	\N	https://files.cpicpgx.org/images/flow_chart/G6PD_Low-to-no_Risk_Drug_CDS_Flow_Chart.jpg	274	2405438
RxNorm:7407	nicotine	PA450626	7407	DB00184	{N07BA01}	\N	\N	106	\N
RxNorm:2392230	oliceridine	PA166223601	2392230	DB14881	\N	\N	\N	105	\N
RxNorm:41127	fluvastatin	PA449688	41127	DB01095	{C10AA04}	\N	https://files.cpicpgx.org/images/flow_chart/Fluvastatin_CDS_Flow_Chart.jpg	407	100426
RxNorm:5489	hydrocodone	PA449900	5489	DB00956	{R05DA03}	\N	https://files.cpicpgx.org/images/flow_chart/Hydrocodone_CDS_Flow_Chart.jpg	366	100416
RxNorm:7781	oxazepam	PA450731	7781	DB00842	{N05BA04}	\N	\N	106	\N
RxNorm:3423	hydromorphone	PA449918	3423	DB00327	{N02AA03}	\N	\N	292	100416
RxNorm:679314	paliperidone	PA163518919	679314	DB01267	{N05AX13}	\N	\N	105	\N
RxNorm:8150	phenprocoumon	PA450921	8150	DB00946	{B01AA04}	\N	\N	106	\N
RxNorm:2556	citalopram	PA449015	2556	DB00215	{N06AB04}	\N	https://files.cpicpgx.org/images/flow_chart/Citalopram_CDS_Flow_Chart.jpg	357	100413
RxNorm:5521	hydroxychloroquine	PA164777036	5521	DB01611	{P01BA02}	\N	https://files.cpicpgx.org/images/flow_chart/G6PD_Low-to-no_Risk_Drug_CDS_Flow_Chart.jpg	215	2405438
RxNorm:42355	fluvoxamine	PA449690	42355	DB00176	{N06AB08}	\N	https://files.cpicpgx.org/images/flow_chart/Fluvoxamine_CDS_Flow_Chart.jpg	356	100413
RxNorm:4601	furazolidone	PA164746760	4601	DB00614	{G01AX06}	\N	https://files.cpicpgx.org/images/flow_chart/G6PD_Low-to-no_Risk_Drug_CDS_Flow_Chart.jpg	167	2405438
RxNorm:8331	pimozide	PA450965	8331	DB01100	{N05AG02}	\N	\N	106	\N
RxNorm:2670	codeine	PA449088	2670	DB00318	{R05DA04,N02AA59,N02AA79}	\N	https://files.cpicpgx.org/images/flow_chart/Codeine_CDS_Flow_Chart.jpg	380	100416
RxNorm:5781	indomethacin	PA449982	5781	DB00328	{C01EB03}	\N	\N	242	110058
RxNorm:236913	levomethadone	PA166227621	236913	DB13515	{N07BC05}	\N	\N	292	100416
RxNorm:1424911	dabrafenib	PA166114911	1424911	NA	{NA}	\N	\N	214	2405438
RxNorm:3445	dimercaprol	PA165958406	3445	DB06782	{V03AB09}	\N	https://files.cpicpgx.org/images/flow_chart/G6PD_Low-to-no_Risk_Drug_CDS_Flow_Chart.jpg	215	2405438
RxNorm:3639	doxorubicin	PA449412	3639	DB00997	{L01DB01}	\N	https://files.cpicpgx.org/images/flow_chart/G6PD_Low-to-no_Risk_Drug_CDS_Flow_Chart.jpg	214	2405438
RxNorm:2123125	erdafitinib	PA166182720	2123125	DB12147	\N	\N	\N	105	\N
RxNorm:2348	chloramphenicol	PA448927	2348	DB00446	{D06AX02,D10AF03,G01AA05,J01BA01,S01AA01,S02AA01,S03AA08}	\N	https://files.cpicpgx.org/images/flow_chart/G6PD_Low-to-no_Risk_Drug_CDS_Flow_Chart.jpg	215	2405438
RxNorm:2393	chloroquine	PA448948	2393	DB00608	{P01BA01}	\N	https://files.cpicpgx.org/images/flow_chart/G6PD_Low-to-no_Risk_Drug_CDS_Flow_Chart.jpg	215	2405438
RxNorm:2404	chlorpropamide	PA448966	2404	DB00672	{A10BB02}	\N	\N	214	2405438
RxNorm:4816	gliclazide	PA10892	4816	DB01120	{A10BB09}	\N	\N	166	2405438
RxNorm:25789	glimepiride	PA449761	25789	DB00222	{A10BB12}	\N	\N	208	2405438
RxNorm:8120	phenazopyridine	PA164746899	8120	DB01438	{G04BX06}	\N	https://files.cpicpgx.org/images/flow_chart/G6PD_Low-to-no_Risk_Drug_CDS_Flow_Chart.jpg	215	2405438
RxNorm:6676	meclizine	PA450338	6676	DB00737	{R06AE05}	\N	\N	105	\N
RxNorm:2106338	amifampridine	PA166185150	2106338	DB11640	{N07XX05}	\N	\N	105	\N
RxNorm:722	amoxapine	PA448405	722	DB00543	{N06AA17}	\N	\N	105	\N
RxNorm:7243	naltrexone	PA450588	7243	DB00704	{N07BB04}	\N	\N	299	100416
RxNorm:42347	bupropion	PA448687	42347	DB01156	{N06AX12}	\N	\N	106	\N
RxNorm:301542	rosuvastatin	PA134308647	301542	DB01098	{C10AA07}	\N	https://files.cpicpgx.org/images/flow_chart/Rosuvastatin_CDS_Flow_Chart.jpg	408	100426
RxNorm:6472	lovastatin	PA450272	6472	DB00227	{C10AA02}	\N	https://files.cpicpgx.org/images/flow_chart/Lovastatin_CDS_Flow_Chart.jpg	322	100426
ATC:M01AH06	lumiracoxib	PA164769031	\N	DB01283	{M01AH06}	\N	\N	242	110058
RxNorm:7258	naproxen	PA450595	7258	DB00788	{M01AE56}	\N	\N	242	110058
RxNorm:401713	carglumic acid	PA165958402	401713	DB06775	{A16AA05}	\N	\N	106	\N
RxNorm:6572	mafenide	PA166114925	6572	NA	{NA}	\N	https://files.cpicpgx.org/images/flow_chart/G6PD_Low-to-no_Risk_Drug_CDS_Flow_Chart.jpg	215	2405438
RxNorm:9061	mepacrine	PA164745551	9061	DB01103	{P01AX05}	\N	\N	166	2405438
RxNorm:861634	pitavastatin	PA142650384	861634	\N	{C10AA08}	\N	https://files.cpicpgx.org/images/flow_chart/Pitavastatin_CDS_Flow_Chart.jpg	313	100426
RxNorm:42463	pravastatin	PA451089	42463	DB00175	{C10AA03}	\N	https://files.cpicpgx.org/images/flow_chart/Pravastatin_CDS_Flow_Chart.jpg	308	100426
RxNorm:4053	erythromycin	PA449493	4053	DB00199	{D10AF02,J01FA01,S01AA17}	\N	\N	106	\N
RxNorm:52582	mesalazine	PA450384	52582	DB00244	{A07EC02}	\N	\N	214	2405438
RxNorm:31748	nicorandil	PA166184081	31748	DB09220	{C01DX16}	\N	\N	166	2405438
RxNorm:5880	interferon alfa-2b, recombinant	PA164783990	5880	DB00105	{L03AB05}	\N	\N	106	\N
RxNorm:7623	ofloxacin	PA450684	7623	DB01165	{J01MA01,S01AE01,S02AA16}	\N	https://files.cpicpgx.org/images/flow_chart/G6PD_Low-to-no_Risk_Drug_CDS_Flow_Chart.jpg	167	2405438
RxNorm:32624	oxcarbazepine	PA450732	32624	DB00776	{N03AF02}	\N	https://files.cpicpgx.org/images/flow_chart/Oxcarbazepine_CDS_Flow_Chart.jpg	321	100423
RxNorm:6058	isosorbide dinitrate	PA450125	6058	DB00883	{C01DA08,C05AE02}	\N	\N	106	\N
RxNorm:1025342	l-methylfolate	PA166182939	1025342	DB11256	\N	\N	\N	105	\N
RxNorm:6813	methadone	PA450401	6813	DB00333	{N07BC02}	\N	\N	405	100416
RxNorm:8698	probenecid	PA451106	8698	DB01032	{M04AB01}	\N	\N	214	2405438
RxNorm:9071	quinine	PA451213	9071	DB00468	{P01BC01}	\N	https://files.cpicpgx.org/images/flow_chart/G6PD_Low-to-no_Risk_Drug_CDS_Flow_Chart.jpg	215	2405438
RxNorm:7804	oxycodone	PA450741	7804	DB00497	{N02AA05}	\N	\N	366	100416
RxNorm:82122	levofloxacin	PA450214	82122	DB01137	{J01MA12,S01AE05}	\N	\N	106	\N
RxNorm:28863	lofexidine	PA164744510	28863	DB04948	{N07BC04}	\N	\N	105	\N
RxNorm:7052	morphine	PA450550	7052	DB00295	{N02AA01}	\N	\N	299	100416
RxNorm:73032	remifentanil	PA451232	73032	DB00899	{N01AH06}	\N	\N	292	100416
RxNorm:139462	moxifloxacin	PA450555	139462	DB00218	{J01MA14,S01AE07}	\N	\N	214	2405438
RxNorm:31448	nabumetone	PA450572	31448	DB00461	{M01AX01}	\N	\N	242	110058
RxNorm:32937	paroxetine	PA450801	32937	DB00715	{N06AB05}	\N	https://files.cpicpgx.org/images/flow_chart/Paroxetine_CDS_Flow_Chart.jpg	356	100413
RxNorm:7240	nalidixic acid	PA164746384	7240	DB00779	{J01MB02}	\N	https://files.cpicpgx.org/images/flow_chart/G6PD_Low-to-no_Risk_Drug_CDS_Flow_Chart.jpg	215	2405438
RxNorm:4582	tegafur	PA452620	4582	DB09256	{L01BC03,L01BC53}	\N	https://files.cpicpgx.org/images/flow_chart/Tegafur_CDS_Flow_Chart.jpg	243	100419
RxNorm:10633	tolazamide	PA164774902	10633	DB00839	{A10BB05}	\N	\N	166	2405438
ATC:L01XA	Platinum compounds	PA164713176	\N	\N	{L01XA}	\N	\N	106	\N
RxNorm:36567	simvastatin	PA451363	36567	DB00641	{C10AA01,C10BA02,C10BX04,A10BH51,C10BA04,C10BX01}	\N	https://files.cpicpgx.org/images/flow_chart/Simvastatin_CDS_Flow_Chart.jpg	331	100426
RxNorm:1086769	vilazodone	PA165958365	1086769	DB06684	{N06AX24}	\N	\N	130	100413
RxNorm:9894	sodium nitrite	PA166115361	9894	NA	{NA}	\N	\N	214	2405438
RxNorm:1151	vitamin c	PA451898	1151	DB00126	{G01AD03,S01XA15}	\N	https://files.cpicpgx.org/images/flow_chart/G6PD_Low-to-no_Risk_Drug_CDS_Flow_Chart.jpg	215	2405438
RxNorm:11258	vitamin k	PA164713404	11258	NA	{B02BA}	\N	https://files.cpicpgx.org/images/flow_chart/G6PD_Low-to-no_Risk_Drug_CDS_Flow_Chart.jpg	167	2405438
RxNorm:10635	tolbutamide	PA451718	10635	DB01124	{A10BB03,V04CA01}	\N	https://files.cpicpgx.org/images/flow_chart/G6PD_Low-to-no_Risk_Drug_CDS_Flow_Chart.jpg	167	2405438
RxNorm:10689	tramadol	PA451735	10689	DB00193	{N02AX02}	\N	https://files.cpicpgx.org/images/flow_chart/Tramadol_CDS_Flow_Chart.jpg	368	100416
RxNorm:327361	adalimumab	PA10004	327361	DB00051	{L04AB04}	\N	\N	105	\N
RxNorm:46041	alendronate	PA448082	46041	DB00630	{M05BA04}	\N	\N	105	\N
RxNorm:2106337	amifampridine phosphate	PA166182002	2106337	\N	\N	\N	\N	105	\N
RxNorm:1425099	trametinib	PA166115364	1425099	NA	{NA}	\N	\N	166	2405438
RxNorm:1455099	vortioxetine	PA166122595	1455099	DB09068	{N06AX26}	\N	https://files.cpicpgx.org/images/flow_chart/Vortioxetine_CDS_Flow_Chart.jpg	257	100413
RxNorm:1886	caffeine	PA448710	1886	DB00201	{N06BC01}	\N	\N	106	\N
RxNorm:10169	sulfacetamide	PA451536	10169	DB00634	{D10AF06,S01AB04}	\N	\N	214	2405438
RxNorm:214555	etanercept	PA449515	214555	DB00005	{L04AB01}	\N	\N	105	\N
RxNorm:73178	iloperidone	PA161199368	73178	\N	\N	\N	\N	106	\N
RxNorm:51499	irinotecan	PA450085	51499	DB00762	{L01XX19}	\N	\N	106	\N
RxNorm:10171	sulfadiazine	PA451539	10171	DB00359	{J01EC02}	\N	https://files.cpicpgx.org/images/flow_chart/G6PD_Low-to-no_Risk_Drug_CDS_Flow_Chart.jpg	215	2405438
RxNorm:10178	sulfadimidine	PA451542	10178	DB01582	{J01EB03}	\N	https://files.cpicpgx.org/images/flow_chart/G6PD_Low-to-no_Risk_Drug_CDS_Flow_Chart.jpg	167	2405438
RxNorm:10831	sulfamethoxazole / trimethoprim	PA10715	10831	NA	{NA}	\N	https://files.cpicpgx.org/images/flow_chart/G6PD_Low-to-no_Risk_Drug_CDS_Flow_Chart.jpg	273	2405438
RxNorm:28439	lamotrigine	PA450164	28439	DB00555	{N03AX09}	\N	\N	106	\N
RxNorm:10184	sulfanilamide	PA451545	10184	DB00259	{D06BA05,J01EB06}	\N	https://files.cpicpgx.org/images/flow_chart/G6PD_Low-to-no_Risk_Drug_CDS_Flow_Chart.jpg	167	2405438
RxNorm:43611	latanoprost	PA164774763	43611	DB00654	{S01EE01}	\N	\N	106	\N
RxNorm:36437	sertraline	PA451333	36437	DB01104	{N06AB06}	\N	https://files.cpicpgx.org/images/flow_chart/Sertraline_CDS_Flow_Chart.jpg	393	100413
RxNorm:9524	sulfasalazine	PA451547	9524	DB00795	{A07EC01}	\N	https://files.cpicpgx.org/images/flow_chart/G6PD_Low-to-no_Risk_Drug_CDS_Flow_Chart.jpg	215	2405438
RxNorm:10207	sulfisoxazole	PA164748964	10207	DB00263	{J01EB05,S01AB02}	\N	https://files.cpicpgx.org/images/flow_chart/G6PD_Low-to-no_Risk_Drug_CDS_Flow_Chart.jpg	215	2405438
RxNorm:39786	venlafaxine	PA451866	39786	DB00285	{N06AX16}	\N	https://files.cpicpgx.org/images/flow_chart/Venlafaxine_CDS_Flow_Chart.jpg	257	100413
RxNorm:6387	lidocaine	PA450226	6387	DB00281	{C01BB01,C05AD01,D04AB01,N01BB02,R02AD02,S01HA07,S02DA01}	\N	\N	106	\N
RxNorm:6694	mefloquine	PA450348	6694	DB00358	{P01BC02}	\N	\N	106	\N
RxNorm:7299	neomycin	PA450608	7299	DB00994	{A01AB08,A07AA01,B05CA09,D06AX04,J01GB05,R02AB01,S01AA03,S02AA07,S03AA01}	\N	\N	87	826283
ATC:C09AA	Ace Inhibitors, Plain	PA164712308	\N	\N	{C09AA}	\N	\N	106	\N
RxNorm:1433212	levomilnacipran	PA166182150	1433212	DB08918	{N06AX28}	\N	\N	130	100413
ATC:L01A	Alkylating Agents	PA164712331	\N	\N	{L01A}	\N	\N	106	\N
RxNorm:588250	milnacipran	PA164752812	588250	DB04896	{N06AX17}	\N	\N	130	100413
ATC:N06AB	Selective serotonin reuptake inhibitors	PA164713257	\N	\N	{N06AB}	\N	\N	106	\N
ATC:L04AB	Tumor necrosis factor alpha (TNF-alpha) inhibitors	PA164713366	\N	\N	{L04AB}	\N	\N	106	\N
RxNorm:2049846	elagolix	PA166182348	2049846	DB11979	\N	\N	\N	105	\N
RxNorm:4179	etoposide	PA449552	4179	DB00773	{L01CB01}	\N	\N	106	\N
RxNorm:191831	infliximab	PA452639	191831	DB00065	{L04AB02}	\N	\N	105	\N
RxNorm:6038	isoniazid	PA450112	6038	DB00951	{J04AC01}	\N	\N	106	\N
RxNorm:480167	lapatinib	PA152241907	480167	DB01259	{L01XE07}	\N	\N	106	\N
RxNorm:6313	leucovorin	PA450198	6313	DB00650	{V03AF}	\N	\N	106	\N
RxNorm:6809	metformin	PA450395	6809	DB00331	{A10BA02}	\N	\N	106	\N
RxNorm:6826	methazolamide	PA450413	6826	DB00703	{S01EC05}	\N	\N	106	\N
RxNorm:6835	methimazole	PA450422	6835	DB00763	{H03BB02}	\N	\N	106	\N
RxNorm:6851	methotrexate	PA450428	6851	DB00563	{L01BA01,L04AX03}	\N	\N	106	\N
RxNorm:6915	metoclopramide	PA450475	6915	DB01233	{A03FA01}	\N	\N	106	\N
RxNorm:6960	midazolam	PA450496	6960	DB00683	{N05CD08}	\N	\N	106	\N
RxNorm:15996	mirtazapine	PA450522	15996	DB00370	{N06AX11}	\N	\N	106	\N
RxNorm:30077	mivacurium	PA450528	30077	DB01226	{M03AC}	\N	\N	105	\N
RxNorm:30125	modafinil	PA450530	30125	DB00745	{N06BA07}	\N	\N	106	\N
RxNorm:7145	mycophenolic acid	PA164748728	7145	DB01024	{L04AA06}	\N	\N	106	\N
RxNorm:7242	naloxone	PA450586	7242	DB01183	{V03AB15}	\N	\N	106	\N
RxNorm:53654	nevirapine	PA450616	53654	DB00238	{J05AG01}	\N	\N	106	\N
ATC:J01G	aminoglycoside antibacterials	PA452167	\N	\N	{J01G}	\N	\N	106	\N
RxNorm:49737	esmolol	PA449500	49737	DB00187	\N	\N	\N	108	5290480
RxNorm:9947	sotalol	PA451457	9947	DB00489	\N	\N	\N	126	5290480
RxNorm:46303	amisulpride	PA162565877	46303	DB06288	{N05AL05}	\N	\N	105	\N
RxNorm:725	amphetamine	PA448408	725	DB00182	{N06BA01}	\N	\N	105	\N
ATC:L01DB	anthracyclines and related substances	PA130620651	\N	\N	{L01DB}	\N	\N	106	\N
ATC:N06A	antidepressants	PA452229	\N	\N	{N06A}	\N	\N	106	\N
ATC:N05A	antipsychotics	PA452233	\N	\N	{N05A}	\N	\N	106	\N
RxNorm:1673265	aripiprazole lauroxil	PA166161216	1673265	DB14185	\N	\N	\N	105	\N
RxNorm:89013	aripiprazole	PA10026	89013	DB01238	{N05AX12}	\N	\N	106	\N
MeSH:C515878	ataluren	PA166151864	\N	\N	{M09AX03}	\N	\N	106	\N
RxNorm:6185	labetalol	PA164743150	6185	DB00598	{C07AG01}	\N	\N	213	5290480
RxNorm:2045726	avatrombopag	PA166179849	2045726	DB11995	{B02BX08}	\N	\N	105	\N
RxNorm:1543543	belinostat	PA165971474	1543543	\N	\N	\N	\N	106	\N
RxNorm:6918	metoprolol	PA450480	6918	DB00264	{C07AB02}	\N	https://files.cpicpgx.org/images/flow_chart/Metoprolol_CDS_Flow_Chart.jpg	215	5290480
RxNorm:149	acebutolol	PA448011	149	DB01193	\N	\N	\N	126	5290480
RxNorm:1658314	brexpiprazole	PA166160053	1658314	\N	\N	\N	\N	106	\N
RxNorm:1739745	brivaracetam	PA166153491	1739745	\N	\N	\N	\N	106	\N
Drugbank:DB12752	bucindolol	PA165945764	\N	DB12752	\N	\N	\N	105	\N
RxNorm:7226	nadolol	PA450573	7226	DB01203	\N	\N	\N	126	5290480
RxNorm:1202	atenolol	PA448499	1202	DB00335	{C07AB03}	\N	\N	195	5290480
RxNorm:31555	nebivolol	PA151958426	31555	DB04861	{C07AB12}	\N	\N	213	5290480
RxNorm:8332	pindolol	PA450966	8332	DB00960	\N	\N	\N	126	5290480
RxNorm:1520	betaxolol	PA448611	1520	DB00195	\N	\N	\N	126	5290480
RxNorm:8787	propranolol	PA451145	8787	DB00571	{C07AA05}	\N	\N	232	5290480
RxNorm:19484	bisoprolol	PA448641	19484	DB00612	\N	\N	\N	126	5290480
RxNorm:20352	carvedilol	PA448817	20352	DB01136	{C07AG02}	\N	\N	232	5290480
RxNorm:3328	dibekacin	PA166292901	3328	DB13270	{J01GB09}	\N	\N	87	826283
RxNorm:2101	carisoprodol	PA448809	2101	DB00395	{M03BA02}	\N	\N	106	\N
RxNorm:734064	desvenlafaxine	PA165958374	734064	DB06700	{N06AX23}	\N	\N	130	100413
RxNorm:596723	cerivastatin	PA448897	596723	DB00439	{C10AA06}	\N	\N	106	\N
RxNorm:72625	duloxetine	PA10066	72625	DB00476	{N06AX21}	\N	\N	254	100413
RxNorm:318341	cetuximab	PA10040	318341	DB00002	{L01XC06}	\N	\N	106	\N
RxNorm:44281	cevimeline	PA164754754	44281	DB00185	{N07AX03}	\N	\N	106	\N
RxNorm:2555	cisplatin	PA449014	2555	DB00515	{L01XA01}	\N	\N	106	\N
RxNorm:21241	clobazam	PA10888	21241	DB00349	{N05BA09}	\N	\N	106	\N
RxNorm:2626	clozapine	PA449061	2626	DB00363	{N05AH02}	\N	\N	106	\N
RxNorm:3002	cyclophosphamide	PA449165	3002	DB00531	{L01AA01}	\N	\N	106	\N
RxNorm:3008	cyclosporine	PA449167	3008	DB00091	{L04AD01,S01XA18}	\N	\N	106	\N
RxNorm:136198	darifenacin	PA164774901	136198	DB00496	{G04BD10}	\N	\N	106	\N
RxNorm:3109	daunorubicin	PA449212	3109	DB00694	{L01DB02}	\N	\N	105	\N
RxNorm:1876905	deutetrabenazine	PA166169881	1876905	DB12161	\N	\N	\N	105	\N
RxNorm:3289	dextromethorphan	PA449273	3289	DB00514	{R05DA09}	\N	\N	106	\N
RxNorm:3322	diazepam	PA449283	3322	DB00829	{N05BA01}	\N	\N	106	\N
RxNorm:3407	digoxin	PA449319	3407	DB00390	{C01AA05}	\N	\N	106	\N
RxNorm:266856	divalproex sodium	PA164783479	266856	DB00510	\N	\N	\N	106	\N
RxNorm:68091	dolasetron	PA449390	68091	DB00757	{A04AA04}	\N	\N	106	\N
RxNorm:1433868	dolutegravir	PA166114961	1433868	\N	\N	\N	\N	106	\N
RxNorm:135447	donepezil	PA449394	135447	DB00843	{N06DA02}	\N	\N	106	\N
RxNorm:224925	dronabinol	PA449421	224925	DB00470	{A04AD10}	\N	\N	105	\N
RxNorm:5470	hydralazine	PA449894	5470	DB01275	{C02DB02}	\N	https://files.cpicpgx.org/images/flow_chart/Hydralazine_CDS_Flow_Chart.jpg	123	6478852
RxNorm:1998	captopril	PA448780	1998	DB01197	{C09AA01}	\N	\N	106	\N
RxNorm:1547220	eliglustat	PA166123486	1547220	\N	\N	\N	\N	106	\N
RxNorm:797195	fesoterodine	PA165958376	797195	DB06702	{G04BD11}	\N	\N	106	\N
RxNorm:4493	fluoxetine	PA449673	4493	DB00472	{N06AB03}	\N	\N	254	100413
RxNorm:4441	flecainide	PA449646	4441	DB01195	{C01BC04}	\N	\N	106	\N
RxNorm:1665509	flibanserin	PA166153431	1665509	\N	\N	\N	\N	106	\N
RxNorm:50121	fluticasone propionate	PA449686	50121	DB00588	{D07AC17,R01AD08,R03BA05}	\N	\N	106	\N
RxNorm:4603	furosemide	PA449719	4603	DB00695	{C03CA01}	\N	\N	106	\N
RxNorm:4637	galantamine	PA449726	4637	DB00674	{N06DA04}	\N	\N	106	\N
RxNorm:328134	gefitinib	PA131301952	328134	DB00317	{L01XE02}	\N	\N	105	\N
RxNorm:12574	gemcitabine	PA449748	12574	DB00441	{L01BC05}	\N	\N	106	\N
RxNorm:5093	haloperidol	PA449841	5093	DB00502	{N05AD01}	\N	\N	106	\N
ATC:C10AA	hmg coa reductase inhibitors	PA133950441	\N	\N	{C10AA}	\N	\N	106	\N
ATC:G03A	hormonal contraceptives for systemic use	PA452637	\N	\N	{G03A}	\N	\N	106	\N
RxNorm:5487	hydrochlorothiazide	PA449899	5487	DB00999	{C03AA03,C03AB03,C09DX01,C09DX03,C09XA52,C03EA01,C03AX01,G01AE10,C09XA54}	\N	\N	106	\N
RxNorm:5650	idarubicin	PA449961	5650	DB01177	{L01DB06}	\N	\N	105	\N
RxNorm:6901	methylphenidate	PA450464	6901	DB00422	{N06BA04}	\N	\N	106	\N
RxNorm:6857	methoxyflurane	PA450434	6857	DB01028	{N02BG09}	\N	https://files.cpicpgx.org/images/flow_chart/Methoxyflurane_CDS_Flow_Chart.jpg	322	100427
RxNorm:7337	netilmicin	PA164754913	7337	DB00955	{J01GB07,S01AA23}	\N	\N	87	826283
RxNorm:662281	nilotinib	PA165958345	662281	DB04868	{L01XE08}	\N	\N	106	\N
RxNorm:253453	peginterferon alfa-2b	PA164784024	253453	DB00022	{L03AB10,L03AB60}	\N	\N	320	100424
RxNorm:1011650	pegloticase	PA165963961	1011650	NA	{NA}	\N	https://files.cpicpgx.org/images/flow_chart/G6PD_High_Risk_Drug_CDS_Flow_Chart.jpg	215	2405438
RxNorm:8183	phenytoin	PA450947	8183	DB00252	{N03AB02,N03AB52}	\N	https://files.cpicpgx.org/images/flow_chart/Phenytoin_CDS_Flow_Chart.jpg	322	100412
RxNorm:8356	piroxicam	PA450985	8356	DB00554	{M01AC01}	\N	https://files.cpicpgx.org/images/flow_chart/Piroxicam_CDS_Flow_Chart.jpg	245	110058
RxNorm:61381	olanzapine	PA450688	61381	DB00334	{N05AH03}	\N	\N	106	\N
RxNorm:7455	nitrofural	PA164754877	7455	DB00336	{B05CA03,D08AF01,D09AA03,P01CC02,S01AX04,S02AA02}	\N	\N	166	2405438
RxNorm:7517	norfloxacin	PA450654	7517	DB01059	{J01MA06,S01AE02}	\N	https://files.cpicpgx.org/images/flow_chart/G6PD_Low-to-no_Risk_Drug_CDS_Flow_Chart.jpg	215	2405438
RxNorm:32592	oxaliplatin	PA131285527	32592	DB00526	{L01XA03}	\N	\N	106	\N
RxNorm:70561	palonosetron	PA10352	70561	DB00377	{A04AA05}	\N	\N	106	\N
RxNorm:7454	nitrofurantoin	PA450640	7454	DB00698	{J01XE01}	\N	https://files.cpicpgx.org/images/flow_chart/G6PD_Medium_Risk_Drug_CDS_Flow_Chart.jpg	215	2405438
RxNorm:714438	pazopanib	PA165291492	714438	\N	{L01XE}	\N	\N	106	\N
RxNorm:7531	nortriptyline	PA450657	7531	DB00540	{N06AA10}	\N	https://files.cpicpgx.org/images/flow_chart/Nortriptyline_CDS_Flow_Chart.jpg	244	100414
RxNorm:7646	omeprazole	PA450704	7646	DB00338	{A02BC01}	\N	https://files.cpicpgx.org/images/flow_chart/Omeprazole_CDS_Flow_Chart.jpg	245	110076
RxNorm:26225	ondansetron	PA450705	26225	DB00904	{A04AA01}	\N	https://files.cpicpgx.org/images/flow_chart/Ondansetron_CDS_Flow_Chart.jpg	244	100417
RxNorm:40790	pantoprazole	PA450774	40790	DB00213	{A02BC02}	\N	https://files.cpicpgx.org/images/flow_chart/Pantoprazole_CDS_Flow_Chart.jpg	245	110076
RxNorm:7934	paromomycin	PA164784023	7934	DB01421	{A07AA06}	\N	\N	213	826283
RxNorm:8076	perphenazine	PA450882	8076	DB00850	{N05AB03}	\N	\N	106	\N
RxNorm:2197878	pitolisant	PA166185163	2197878	DB11642	{N07XX11}	\N	\N	106	\N
RxNorm:120608	peginterferon alfa-2a	PA164749390	120608	DB00008	{L03AB11,L03AB61}	\N	\N	320	100424
RxNorm:NA	ribostamycin	PA166292902	NA	DB03615	{J01GB10}	\N	\N	87	826283
RxNorm:1311280	platinum	PA150595617	1311280	\N	\N	\N	\N	106	\N
RxNorm:8700	procainamide	PA451108	8700	DB01035	{C01BA02}	\N	\N	105	\N
RxNorm:8754	propafenone	PA451131	8754	DB01182	{C01BC03}	\N	\N	106	\N
RxNorm:8794	propylthiouracil	PA451156	8794	DB00550	{H03BA02}	\N	\N	106	\N
RxNorm:8886	protriptyline	PA451168	8886	DB00344	{N06AA11}	\N	\N	106	\N
RxNorm:51272	quetiapine	PA451201	51272	DB01224	{N05AH04}	\N	\N	105	\N
RxNorm:9068	quinidine	PA451209	9068	DB00908	{C01BA01}	\N	\N	106	\N
RxNorm:56795	sufentanil	PA451527	56795	DB00708	{N01AH03}	\N	\N	292	100416
MedDRA:10037794	radiotherapy	PA166122986	\N	\N	\N	\N	\N	106	\N
RxNorm:72143	raloxifene	PA451221	72143	DB00481	{G03XC01}	\N	\N	105	\N
RxNorm:719872	raltegravir	PA164888966	719872	\N	\N	\N	\N	105	\N
RxNorm:73056	risedronate	PA451255	73056	DB00884	{M05BA07}	\N	\N	105	\N
RxNorm:35636	risperidone	PA451257	35636	DB00734	{N05AX08}	\N	\N	106	\N
RxNorm:121191	rituximab	PA451261	121191	DB00073	{L01XC02}	\N	\N	106	\N
RxNorm:84108	rosiglitazone	PA451283	84108	DB00412	{A10BG02}	\N	\N	106	\N
RxNorm:435	salbutamol	PA448068	435	DB01001	{R03AC02,R03CC02}	\N	\N	106	\N
RxNorm:36117	salmeterol	PA451300	36117	DB00938	{R03AC12}	\N	\N	106	\N
RxNorm:136411	sildenafil	PA451346	136411	DB00203	{G04BE03}	\N	\N	106	\N
RxNorm:2121085	siponimod	PA166182736	2121085	DB12371	\N	\N	\N	106	\N
RxNorm:35302	sirolimus	PA451365	35302	DB00877	{L04AA10}	\N	\N	106	\N
RxNorm:9997	spironolactone	PA451483	9997	DB00421	{C03DA01}	\N	\N	106	\N
MeSH:D013449	sulfonamides	PA10772	\N	\N	{A07AB,D06BA,G01AE,S01AB}	\N	\N	106	\N
RxNorm:357977	sunitinib	PA162372840	357977	DB01268	{L01XE04}	\N	\N	106	\N
RxNorm:117466	tenofovir	PA10204	117466	DB00300	{J05AF}	\N	\N	106	\N
RxNorm:37801	terbinafine	PA451614	37801	DB00857	{D01AE15,D01BA02}	\N	\N	106	\N
RxNorm:16689	aceclofenac	PA166049185	16689	DB06736	{M01AB16}	\N	\N	243	110058
RxNorm:10390	tetrabenazine	PA140222719	10390	DB04844	{N07XX06}	\N	\N	106	\N
RxNorm:3355	diclofenac	PA449293	3355	DB00586	{D11AX18,M01AB05,M02AA15,S01BC03}	\N	\N	319	110058
RxNorm:283742	esomeprazole	PA10075	283742	DB00736	{A02BC05}	\N	\N	241	110076
RxNorm:5640	ibuprofen	PA449957	5640	DB01050	{C01EB16,G02CC01,M01AE01,M02AA13}	\N	https://files.cpicpgx.org/images/flow_chart/Ibuprofen_CDS_Flow_Chart.jpg	324	110058
RxNorm:114979	rabeprazole	PA451216	114979	DB01129	{A02BC04}	\N	\N	241	110076
RxNorm:140587	celecoxib	PA448871	140587	DB00482	{L01XX33,M01AH01}	\N	https://files.cpicpgx.org/images/flow_chart/Celecoxib_CDS_Flow_Chart.jpg	245	110058
RxNorm:10502	thioridazine	PA451666	10502	DB00679	{N05AC02}	\N	\N	106	\N
RxNorm:10600	timolol	PA451690	10600	DB00373	{C07AA06,S01ED01}	\N	\N	106	\N
RxNorm:69120	tiotropium	PA164769056	69120	DB01409	{R03BB}	\N	\N	106	\N
RxNorm:32968	clopidogrel	PA449053	32968	DB00758	{B01AC04}	\N	https://files.cpicpgx.org/images/flow_chart/Clopidogrel_CDS_Flow_Chart.jpg	245	100411
RxNorm:195085	efavirenz	PA449441	195085	DB00625	{J05AG03}	\N	https://files.cpicpgx.org/images/flow_chart/Efavirenz_CDS_Flow_Chart.jpg	245	104245
RxNorm:4502	flurbiprofen	PA449683	4502	DB00712	{M01AE09,M02AA19,R02AX01,S01BC04}	\N	https://files.cpicpgx.org/images/flow_chart/Flurbiprofen_CDS_Flow_Chart.jpg	245	110058
RxNorm:119565	tolterodine	PA164746757	119565	DB01036	{G04BD07}	\N	\N	106	\N
RxNorm:10759	triamcinolone	PA451749	10759	DB00620	{A01AC01,C05AA12,D07AB09,D07XB02,H02AB08,R01AD11,R03BA06,S01BA05}	\N	\N	106	\N
RxNorm:1918219	valbenazine	PA166170051	1918219	DB11915	\N	\N	\N	105	\N
RxNorm:11118	valproic acid	PA451846	11118	DB00313	{N03AG01}	\N	\N	106	\N
RxNorm:901805	velaglucerase alfa	PA166115366	901805	\N	\N	\N	\N	106	\N
RxNorm:1243041	ivacaftor	PA165950341	1243041	DB08820	{R07AX02,R07AX30}	\N	\N	243	100409
RxNorm:17128	lansoprazole	PA450180	17128	DB00448	{A02BC03}	\N	https://files.cpicpgx.org/images/flow_chart/Lansoprazole_CDS_Flow_Chart.jpg	245	110076
RxNorm:121243	voriconazole	PA10233	121243	DB00582	{J02AC03}	\N	https://files.cpicpgx.org/images/flow_chart/Voriconazole_CDS_Flow_Chart.jpg	244	100410
RxNorm:77492	tamsulosin	PA451583	77492	DB00706	{G04CA02}	\N	\N	106	\N
RxNorm:115698	ziprasidone	PA451974	115698	DB00246	{N05AE04}	\N	\N	105	\N
RxNorm:114176	zuclopenthixol	PA452629	114176	DB01624	{N05AF05}	\N	\N	106	\N
RxNorm:816346	dexlansoprazole	PA166110257	816346	DB05351	{A02BC06}	\N	https://files.cpicpgx.org/images/flow_chart/Dexlansoprazole_CDS_Flow_Chart.jpg	245	110076
RxNorm:3523	metamizole	PA166128206	3523	DB04817	{N02BB02}	\N	\N	165	110058
RxNorm:343047	atazanavir	PA10251	343047	DB01072	{J05AE08,J05AR15}	\N	https://files.cpicpgx.org/images/flow_chart/Atazanavir_CDS_Flow_Chart.jpg	245	100429
RxNorm:1256	azathioprine	PA448515	1256	DB00993	{L04AX01}	\N	https://files.cpicpgx.org/images/flow_chart/Azathioprine_CDS_Flow_Chart.jpg	324	100428
RxNorm:27340	desflurane	PA164749136	27340	DB01189	{N01AB07}	\N	https://files.cpicpgx.org/images/flow_chart/Desflurane_CDS_Flow_Chart.jpg	324	100427
RxNorm:3920	enflurane	PA449461	3920	DB00228	{N01AB04}	\N	https://files.cpicpgx.org/images/flow_chart/Enflurane_CDS_Flow_Chart.jpg	324	100427
RxNorm:5095	halothane	PA449845	5095	DB01159	{N01AB01}	\N	https://files.cpicpgx.org/images/flow_chart/Halothane_CDS_Flow_Chart.jpg	324	100427
RxNorm:2049549	plazomicin	PA166228921	2049549	\N	\N	\N	\N	213	826283
