type	entityid	note	ordinal	version
ALLELE_DEFINITION	CYP3A5	The variants included are based on the PharmVar core alleles (for core alleles only see https://www.pharmvar.org/gene/CYP3a5).	0	1
ALLELE_DEFINITION	CYP3A5	See PharmVar website (http://www.pharmvar.org) for comprehensive haplotype definitions of CYP3A5 variant alleles, including sub-alleles, and updated allele information.	1	1
ALLELE_DEFINITION	CYP3A5	rsID=RefSNP accession ID number (http://www.ncbi.nlm.nih.gov/snp/)	2	1
ALLELE_FUNCTION_REFERENCE	NAT2	The NAT gene nomenclature committee has curated, annotated, and assigned function to NAT2 star alleles since 1997. In March 2024, NAT2 nomenclature was transferred to PharmVar with some major changes. Most notably, the creation of NAT2*1 as the reference allele in accordance with the reference genome GRCh38. NAT2*4, the former reference allele, is defined by the presence of the SNV c.803G>A. Historically, acetylation function was assigned to NAT2 * alleles as either "rapid" or "slow". Under the CPIC allele function terminology, rapid acetylation alleles are categorized as "Increased Function" and slow acetylation alleles are categorized as "Decreased Function". More information can be found at the NAT gene nomenclature committee website, including legacy allele nomenclature and functional assignments (see links below). Additionally, see the PharmVar NAT2 Read Me document (link below)	0	1
ALLELE_FUNCTION_REFERENCE	NAT2	NAT Gene Nomenclature Committee Homepage, https://nat.mbg.duth.gr/Homepage.htm	1	1
ALLELE_FUNCTION_REFERENCE	NAT2	Legacy NAT2 allele nomenclature and functional assignments, https://nat.mbg.duth.gr/Human_NAT2_alleles.htm	2	1
ALLELE_FUNCTION_REFERENCE	NAT2	PharmVar NAT2 Read Me, https://a.storyblok.com/f/70677/x/047a3728ff/gene-info_nat2_v1-2.pdf.	3	1
GENE_CDS	SLCO1B1	The phenotype is used to store an interpretation of the test result. This is a design decision that may differ among sites.	0	1
GENE_CDS	SLCO1B1	For this example, a priority result is defined as a genetic test result that results in a change in drug, drug dose, or drug monitoring.	1	1
GENE_CDS	SLCO1B1	The specific wording of the interpretive text may differ among sites.	2	1
FREQUENCY	SLCO1B1	For full references see "References" tab.	0	1
FREQUENCY	SLCO1B1	Average frequencies based on the reported frequencies in one or multiple studies.	1	1
FREQUENCY	SLCO1B1	Based on the PharmGKB biogeographical groups https://www.pharmgkb.org/page/biogeographicalGroups	2	1
FREQUENCY	SLCO1B1	See allele definition table (https://www.pharmgkb.org/page/slco1b1RefMaterials) for allele definitions	3	1
FREQUENCY	SLCO1B1	Because SLCO1B1*1 is not genotyped directly, all alleles that are negative for a sequence variation are defaulted to a SLCO1B!*1 assignment. The inferred frequency for SLCO1B1*1 is calculated as: 1 - (sum of averaged variant allele frequencies).	4	1
TEST_ALERT	RxNorm:3920	The specific wording of the alert text may differ among sites.	0	1
TEST_ALERT	RxNorm:3920	"Clinical pharmacist" could also be pharmacist, pharmacologist, or a clinician with pharmacogenetics expertise/training.	1	1
TEST_ALERT	RxNorm:32937	The specific wording of the alert text may differ among sites.	0	1
TEST_ALERT	RxNorm:32937	"Clinical pharmacist" could also be pharmacist, pharmacologist, or a clinician with pharmacogenetics expertise/training.	1	1
TEST_ALERT	RxNorm:519	The specific wording of the alert text may differ among sites.	0	1
TEST_ALERT	RxNorm:519	"Clinical pharmacist" could also be pharmacist, pharmacologist, or a clinician with pharmacogenetics expertise/training.	1	1
TEST_ALERT	RxNorm:4492	The specific wording of the alert text may differ among sites.	0	1
TEST_ALERT	RxNorm:4492	"Clinical pharmacist" could also be pharmacist, pharmacologist, or a clinician with pharmacogenetics expertise/training.	1	1
TEST_ALERT	RxNorm:6918	The specific wording of the alert text may differ among sites.	0	1
TEST_ALERT	RxNorm:6918	"Clinical pharmacist" could also be pharmacist, pharmacologist, or a clinician with pharmacogenetics expertise/training.	1	1
TEST_ALERT	RxNorm:NA	The specific wording of the alert text may differ among sites.	0	1
TEST_ALERT	RxNorm:NA	"Clinical pharmacist" could also be pharmacist, pharmacologist, or a clinician with pharmacogenetics expertise/training.	1	1
TEST_ALERT	RxNorm:10689	The specific wording of the alert text may differ among sites.	0	1
TEST_ALERT	RxNorm:10689	"Clinical pharmacist" could also be pharmacist, pharmacologist, or a clinician with pharmacogenetics expertise/training.	1	1
ALLELE_DEFINITION	CYP3A5	All variants are annotated to the positive DNA strand.	3	1
ALLELE_DEFINITION	CYP3A5	An important caveat for all genotyping tests is that the decision to assign an allele a "wild- type" status is based upon a genotyping test that interrogates only the most common and already-proven sites of functional variation. In human DNA, it is always possible that a new, previously undiscovered (and therefore un-interrogated) site of variation may confer loss-of- function in an individual, and thus lead to the rare possibility of a non-functional allele being erroneously called as "wild-type"	4	1
ALLELE_DEFINITION	CYP3A5	Citations for assignment of function can be found at https://www.pharmgkb.org/page/cyp3a5RefMaterials	5	1
ALLELE_DEFINITION	CYP3A5	Content is accessed through the PharmVar API. HGVS and 'PharmVar-style' (accessible on the PharmVar website) positions may differ for indels in some instances which is most likely explained by differences in sequence alignments. Also, PharmVar displays single nucleotide insertions as 'ins' while the HGVS display is as duplications or 'dub' if the insertion is the same base as the prior base.	6	1
ALLELE_FUNCTION_REFERENCE	RYR1	Variant selection based on an update of the CPIC guideline for potent volatile anesthetic agents and succinylcholine. The guideline update includes the published list of RYR1 variants (supplemental Table S2), which are evaluated by the ClinGen malignant hyperthermia susceptibility (MHS) variant curation expert panel (VCEP) and classified for RYR1-related malignant hyperthermia susceptibility based on specified ACMG/AMP criteria (PMID 35849058). The entries in the column 'Allele Functional Status (Optional)' are from the 'Pathogenicity' column and the entries in the column 'Findings (Optional)' are from the ACMG/AMP Criteria column in Table S2 (PMID 35849058).	0	1
ALLELE_FUNCTION_REFERENCE	RYR1	Variants 1209C>G, 7522C>G, 14387A>G, 14693T>C are not included in the PMID 35849058 and are classified as VUS by the RYR1 VCEP in May 2023.	1	1
ALLELE_FUNCTION_REFERENCE	RYR1	Variant classification was re-evaluated and updated by the RYR1 VCEP in May 2023 for the following variants: c.488G>T, c.1589G>A, c.7522C>T, c.14210G>A, c.14582G>A, c.6612C>G, c.14918C>T, c.5183C>T, c.5132A>G, c.6838G>A	2	1
ALLELE_FUNCTION_REFERENCE	RYR1	Variant classification was re-evaluated and updated by the RYR1 VCEP in Nov 2023 for the following variants: c.6488G>T, c.14627A>G, c.14813T>C	3	1
ALLELE_FUNCTION_REFERENCE	RYR1	Allele Clinical Functional Status is mapped to the classification by the ClinGen malignant hyperthermia susceptibility (MHS) variant curation expert panel PMID: 35849058 as follows:	4	1
ALLELE_FUNCTION_REFERENCE	RYR1	Pathogenic = Malignant Hyperthermia associated	5	1
ALLELE_FUNCTION_REFERENCE	RYR1	Likely Pathogenic = Malignant Hyperthermia associated	6	1
ALLELE_FUNCTION_REFERENCE	RYR1	Variant of uncertain significance = Uncertain function	7	1
ALLELE_FUNCTION_REFERENCE	RYR1	Likely Benign = Normal function	8	1
ALLELE_FUNCTION_REFERENCE	RYR1	Benign = Normal function	9	1
ALLELE_FUNCTION_REFERENCE	RYR1	"Reference" is included in the CPIC RYR1 allele definition table. Allele Clinical Functional Status is assigned Normal function.	10	1
GENE_CDS	TPMT	The phenotype is used to store an interpretation of the test result. This is a design decision that may differ among sites.	0	1
GENE_CDS	TPMT	For this example, a priority result is defined as a genetic test result that results in a change in drug, drug dose, or drug monitoring.	1	1
GENE_CDS	TPMT	The specific wording of the interpretive text may differ among sites.	2	1
FREQUENCY	TPMT	For full references see "References" tab.	0	1
FREQUENCY	TPMT	Average frequencies based on the reported frequencies in one or multiple studies.	1	1
FREQUENCY	TPMT	Based on the PharmGKB biogeographical groups https://www.pharmgkb.org/page/biogeographicalGroups	2	1
FREQUENCY	TPMT	See the Allele Definition Tables at https://www.pharmgkb.org/page/tpmtRefMaterials for allele definitions	3	1
FREQUENCY	TPMT	Because TPMT*1 is not genotyped directly, all alleles that are negative for a sequence variation are defaulted to a TPMT*1 assignment. The inferred frequency for TPMT*1 is calculated as: 1 - (sum of averaged variant allele frequencies).	4	1
TEST_ALERT	RxNorm:321988	The specific wording of the alert text may differ among sites.	0	1
TEST_ALERT	RxNorm:321988	"Clinical pharmacist" could also be pharmacist, pharmacologist, or a clinician with pharmacogenetics expertise/training.	1	1
TEST_ALERT	RxNorm:8183	The specific wording of the alert text may differ among sites.	0	1
TEST_ALERT	RxNorm:8183	Pharmacist, pharmacologist, or a clinician with pharmacogenetic expertise/training.	1	1
TEST_ALERT	RxNorm:641	The specific wording of the alert text may differ among sites.	0	1
TEST_ALERT	RxNorm:641	"Clinical pharmacist" could also be pharmacist, pharmacologist, or a clinician with pharmacogenetics expertise/training.	1	1
TEST_ALERT	RxNorm:4502	The specific wording of the alert text may differ among sites.	0	1
TEST_ALERT	RxNorm:4502	Pharmacist, pharmacologist, or a clinician with pharmacogenetic expertise/training.	1	1
TEST_ALERT	RxNorm:7240	The specific wording of the alert text may differ among sites.	0	1
TEST_ALERT	RxNorm:7240	"Clinical pharmacist" may be a pharmacist, pharmacologist, or a clinician with pharmacogenomics expertise/training.	1	1
TEST_ALERT	RxNorm:7240	The specific wording of the alert text may differ among sites.	2	1
TEST_ALERT	RxNorm:7240	"Clinical pharmacist" may be a pharmacist, pharmacologist, or a clinician with pharmacogenetics expertise/training.	3	1
TEST_ALERT	RxNorm:10109	The specific wording of the alert text may differ among sites.	0	1
TEST_ALERT	RxNorm:10109	"Clinical pharmacist" could also be pharmacist, pharmacologist, or a clinician with pharmacogenetics expertise/training.	1	1
TEST_ALERT	RxNorm:27392	The specific wording of the alert text may differ among sites.	0	1
TEST_ALERT	RxNorm:27392	"Clinical pharmacist" could also be pharmacist, pharmacologist, or a clinician with pharmacogenetics expertise/training.	1	1
ALLELE_DEFINITION	CYP4F2	rsID=RefSNP accession ID number (http://www.ncbi.nlm.nih.gov/snp/)	0	1
ALLELE_DEFINITION	CYP4F2	All variants are annotated to the positive DNA strand.	1	1
ALLELE_DEFINITION	CYP4F2	See PharmVar website (http://pharmvar.org) for comprehensive haplotype definitions of CYP4F2 variant alleles and updated allele information.	2	1
ALLELE_DEFINITION	CYP4F2	An important caveat for all genotyping tests is that the decision to assign an allele a "wild-type" status is based upon a genotyping test that interrogates only the most common and already-proven sites of functional variation. In human DNA, it is always possible that a new, previously undiscovered (and therefore un-interrogated) site of variation may confer loss-of-function in an individual, and thus lead to the rare possibility of a non-functional allele being erroneously called as "wild-type."	3	1
GENE_CDS	ABCG2	The phenotype is used to store an interpretation of the test result. This is a design decision that may differ among sites.	0	1
GENE_CDS	ABCG2	For this example, a priority result is defined as a genetic test result that results in a change in drug, drug dose, or drug monitoring.	1	1
GENE_CDS	ABCG2	The specific wording of the interpretive text may differ among sites.	2	1
GENE_CDS	UGT1A1	The phenotype is used to store an interpretation of the test result. This is a design decision that may differ among sites.	0	1
GENE_CDS	UGT1A1	For this example, a priority result is defined as a genetic test result that results in a change in drug, drug dose, or drug monitoring.	1	1
GENE_CDS	UGT1A1	The specific wording of the interpretive text may differ among sites.	2	1
FREQUENCY	UGT1A1	For full references see "References" tab.	0	1
FREQUENCY	UGT1A1	Average frequencies are based on the actual number of subjects with each allele as reported in one or multiple studies.	1	1
FREQUENCY	UGT1A1	Based on the PharmGKB biogeographical groups https://www.pharmgkb.org/page/biogeographicalGroups	2	1
FREQUENCY	UGT1A1	See allele definition table (https://www.pharmgkb.org/page/ugt1a1RefMaterials) for allele definitions	3	1
FREQUENCY	UGT1A1	Because UGT1A1*1 is not genotyped directly, all alleles that are negative for a sequence variation are defaulted to a UGT1A1*1 assignment. The inferred frequency for UGT1A1*1 is calculated as: 1 - (sum of averaged variant allele frequencies).	4	1
TEST_ALERT	RxNorm:41127	The specific wording of the alert text may differ among sites.	0	1
TEST_ALERT	RxNorm:41127	"Clinical pharmacist" could also be pharmacist, pharmacologist, or a clinician with pharmacogenetics expertise/training.	1	1
TEST_ALERT	RxNorm:8356	The specific wording of the alert text may differ among sites.	0	1
TEST_ALERT	RxNorm:8356	Pharmacist, pharmacologist, or a clinician with pharmacogenetic expertise/training.	1	1
TEST_ALERT	RxNorm:7833	The specific wording of the alert text may differ among sites.	0	1
TEST_ALERT	RxNorm:7833	"Clinical pharmacist" may be a pharmacist, pharmacologist, or a clinician with pharmacogenomics expertise/training.	1	1
TEST_ALERT	RxNorm:7833	The specific wording of the alert text may differ among sites.	2	1
TEST_ALERT	RxNorm:7833	"Clinical pharmacist" may be a pharmacist, pharmacologist, or a clinician with pharmacogenetics expertise/training.	3	1
TEST_ALERT	RxNorm:4601	The specific wording of the alert text may differ among sites.	0	1
TEST_ALERT	RxNorm:4601	"Clinical pharmacist" may be a pharmacist, pharmacologist, or a clinician with pharmacogenomics expertise/training.	1	1
TEST_ALERT	RxNorm:4601	The specific wording of the alert text may differ among sites.	2	1
TEST_ALERT	RxNorm:4601	"Clinical pharmacist" may be a pharmacist, pharmacologist, or a clinician with pharmacogenetics expertise/training.	3	1
TEST_ALERT	RxNorm:7299	The specific wording of the alert text may differ among sites.	0	1
TEST_ALERT	RxNorm:7299	"Clinical pharmacist" could also be pharmacist, pharmacologist, or a clinician with pharmacogenetics expertise/training.	1	1
TEST_ALERT	RxNorm:10171	The specific wording of the alert text may differ among sites.	0	1
TEST_ALERT	RxNorm:10171	"Clinical pharmacist" may be a pharmacist, pharmacologist, or a clinician with pharmacogenomics expertise/training.	1	1
TEST_ALERT	RxNorm:10171	The specific wording of the alert text may differ among sites.	2	1
TEST_ALERT	RxNorm:10171	"Clinical pharmacist" may be a pharmacist, pharmacologist, or a clinician with pharmacogenetics expertise/training.	3	1
TEST_ALERT	RxNorm:39786	The specific wording of the alert text may differ among sites.	0	1
TEST_ALERT	RxNorm:39786	"Clinical pharmacist" could also be pharmacist, pharmacologist, or a clinician with pharmacogenetics expertise/training.	1	1
ALLELE_DEFINITION	DPYD	Variant selection is based on the CPIC guideline for Fluoropyrimidines and DPYD (https://cpicpgx.org/guidelines/guideline-for-fluoropyrimidines-and-dpyd/) and sourced from PharmVar (https://www.pharmvar.org/gene/DPYD).	0	1
ALLELE_DEFINITION	DPYD	All variants are annotated to the positive DNA strand.	1	1
ALLELE_DEFINITION	DPYD	As an individual only carries a maximum of two fully functional DPYD copies, common normal function variants may be located on the same gene copy as other normal	2	1
ALLELE_DEFINITION	DPYD	c.1129-5923C>G is likely the HapB3 haplotype causal variant. c.1236G>A (E412E) is a proxy SNP for HapB3.	3	1
ALLELE_DEFINITION	DPYD	Individual patients have been reported (PMID 38129972) to carry only one of the two SNPs in the HapB3 haplotype (i.e., c.1236G>A without c.1129-5923C>G), suggesting that the two variants are not in complete linkage disequilibrium. CPIC updated the allele definition to include the c.1129-5923C>G SNP separately as this is likely the causal variant leading to decreased function. CPIC also retained the HapB3 haplotype definition for cases where only the c.1236G>A variant is tested (e.g. whole exome sequencing). While CPIC recommends to directly test the causal SNP if possible, in cases where only c.1236G>A is tested or results are available for, it should be clearly stated in the test report that "decreased function" was inferred by detecting the exonic tag SNP, and disclose that in rare cases, the causal decreased function variant c.1129-5923C>G may not be present despite having this tag SNP.	4	1
ALLELE_DEFINITION	DPYD	c.680+139G>A is not exclusive to HapB3 and therefore not a suitable proxy.	5	1
ALLELE_DEFINITION	DPYD	rsID rs3918290, when combined with rs1801159, makes up DPYD*2B	6	1
ALLELE_DEFINITION	DPYD	rs56293913, rs3790387, rs2811202 are all part of a common haplotype that also encompasses c.496A>G (M166V).	7	1
ALLELE_DEFINITION	DPYD	The rs115632870 variant was found to be in linkage disequilibrium (D'=1) with the decreased function variant rs115232898 (Y186C); the decreased function associated with this variant is likely due to this linkage.	8	1
ALLELE_DEFINITION	DPYD	Content is accessed through the PharmVar API. HGVS and 'PharmVar-style' (accessible on the PharmVar website) positions may differ for indels in some instances which is most likely explained by differences in sequence alignments. Also, PharmVar displays single nucleotide insertions as 'ins' while the HGVS display is as duplications or 'dub' if the insertion is the same base as the prior base.	9	1
GENE_CDS	CACNA1S	The phenotype is used to store an interpretation of the test result. This is a design decision that may differ among sites.	0	1
GENE_CDS	CACNA1S	For this example, a priority result is defined as a genetic test result that results in a change in drug, drug dose, or drug monitoring.	1	1
GENE_CDS	CACNA1S	The specific wording of the interpretive text may differ among sites.	2	1
FREQUENCY	CACNA1S	For full references see "References" tab.	0	1
FREQUENCY	VKORC1	For full references see "References" tab.	0	1
FREQUENCY	VKORC1	Average frequencies based on the reported frequencies in one or multiple studies.	1	1
FREQUENCY	VKORC1	Based on the PharmGKB biogeographical groups https://www.pharmgkb.org/page/biogeographicalGroups	2	1
TEST_ALERT	RxNorm:42355	The specific wording of the alert text may differ among sites.	0	1
TEST_ALERT	RxNorm:42355	"Clinical pharmacist" could also be pharmacist, pharmacologist, or a clinician with pharmacogenetics expertise/training.	1	1
TEST_ALERT	RxNorm:861634	The specific wording of the alert text may differ among sites.	0	1
TEST_ALERT	RxNorm:861634	"Clinical pharmacist" could also be pharmacist, pharmacologist, or a clinician with pharmacogenetics expertise/training.	1	1
TEST_ALERT	RxNorm:1191	The specific wording of the alert text may differ among sites.	0	1
TEST_ALERT	RxNorm:1191	"Clinical pharmacist" may be a pharmacist, pharmacologist, or a clinician with pharmacogenomics expertise/training.	1	1
TEST_ALERT	RxNorm:1191	The specific wording of the alert text may differ among sites.	2	1
TEST_ALERT	RxNorm:1191	"Clinical pharmacist" may be a pharmacist, pharmacologist, or a clinician with pharmacogenetics expertise/training.	3	1
TEST_ALERT	ATC:D06AX07	The specific wording of the alert text may differ among sites.	0	1
TEST_ALERT	ATC:D06AX07	"Clinical pharmacist" could also be pharmacist, pharmacologist, or a clinician with pharmacogenetics expertise/training.	1	1
TEST_ALERT	RxNorm:7337	The specific wording of the alert text may differ among sites.	0	1
TEST_ALERT	RxNorm:7337	"Clinical pharmacist" could also be pharmacist, pharmacologist, or a clinician with pharmacogenetics expertise/training.	1	1
TEST_ALERT	RxNorm:10178	The specific wording of the alert text may differ among sites.	0	1
TEST_ALERT	RxNorm:10178	"Clinical pharmacist" may be a pharmacist, pharmacologist, or a clinician with pharmacogenomics expertise/training.	1	1
TEST_ALERT	RxNorm:10178	The specific wording of the alert text may differ among sites.	2	1
TEST_ALERT	RxNorm:10178	"Clinical pharmacist" may be a pharmacist, pharmacologist, or a clinician with pharmacogenetics expertise/training.	3	1
TEST_ALERT	RxNorm:1151	The specific wording of the alert text may differ among sites.	0	1
TEST_ALERT	RxNorm:1151	"Clinical pharmacist" may be a pharmacist, pharmacologist, or a clinician with pharmacogenomics expertise/training.	1	1
TEST_ALERT	RxNorm:1151	The specific wording of the alert text may differ among sites.	2	1
TEST_ALERT	RxNorm:1151	"Clinical pharmacist" may be a pharmacist, pharmacologist, or a clinician with pharmacogenetics expertise/training.	3	1
ALLELE_DEFINITION	G6PD	This modified table of G6PD variants is from PMID:22293322, https://grenada.lumc.nl/LOVD2/MR/home.php?select_db=G6PD, with several additional variants.	0	1
ALLELE_DEFINITION	G6PD	rsID=RefSNP accession ID number (http://www.ncbi.nlm.nih.gov/snp/)	1	1
ALLELE_DEFINITION	G6PD	All variants are annotated to the positive DNA strand.	2	1
ALLELE_DEFINITION	G6PD	Please note; WHO class as reported in PMID:22293322 and Luzzatto, L. & Poggi, V. Glucose-6-Phosphate Dehydrogenase Deficiency In: Nathan and Oski's Hematology of Infancy and Childhood, 7th Edition (ed. Meloni, D., Anderson, A. Authors of the book: Orkin, S.H., Fisher, D.E., Look, A.T., Lux IV, S.E., Ginsburg, D., Nathan, D.G. ) (Saunders, Elsevier., 2009) or individual references. This class may have been assigned based on just clinical\nmanifestations and not enzyme activity level or characterization of the enzyme variant.	3	1
ALLELE_DEFINITION	G6PD	Likely phenotype as referenced in this guideline, based on converting assigned WHO class to 3 phenotypes. "Normal" defined as very mild or no enzyme deficiency (>60% normal enzyme levels); "Deficient" defined as mild to severely deficient (<10-60% normal) enzyme levels; "Deficient with CNSHA" defined as severe G6PD enzyme deficiency (<10% activity) with chronic non-spherocytic hemolytic anemia based on Luzzatto, L. & Poggi, V. Glucose-6-Phosphate Dehydrogenase Deficiency In: Nathan and Oski's Hematology of Infancy and Childhood, 7th Edition (ed. Meloni, D., Anderson, A. Authors of the book: Orkin, S.H., Fisher, D.E., Look, A.T., Lux IV, S.E., Ginsburg, D., Nathan, D.G. ) (Saunders, Elsevier., 2009).	4	1
GENE_CDS	CYP2B6	The phenotype is used to store an interpretation of the test result. This is a design decision that may differ among sites.	0	1
GENE_CDS	CYP2B6	For this example, a priority result is defined as a genetic test result that results in a change in drug, drug dose, or drug monitoring.	1	1
GENE_CDS	CYP2B6	The specific wording of the interpretive text may differ among sites.	2	1
GENE_CDS	CYP2B6	Although two CYP2B6 alleles, *4 and *22, are categorized as increased function alleles, the effect of *4 and *22 on CYP2B6 function with respect to efavirenz plasma exposure appears to be modest based on current evidence. However, the phenotype categories of CYP2B6 rapid metabolizer (RM; one normal function allele and one increased function allele) and CYP2B6 ultra-rapid metabolizer (UM; two increased function alleles) were created to allow for the possibility that these may be clinically relevant for CYP2B6 substrates other than efavirenz. As there is no recommendation for altering dosing for CYP2B6 RMs or UMs for efavirenz, the EHR priority is sent to "normal" for these metabolizers.	3	1
FREQUENCY	CYP2B6	For full references see "references" tab.	0	1
FREQUENCY	CYP2B6	Average frequencies based on the reported frequencies in one or multiple studies.	1	1
FREQUENCY	CYP2B6	Based on the PharmGKB biogeographical groups https://www.pharmgkb.org/page/biogeographicalGroups	2	1
FREQUENCY	CYP2B6	See allele definition table (https://www.pharmgkb.org/page/cyp2b6RefMaterials) for allele definitions	3	1
FREQUENCY	CYP2B6	Because CYP2B6*1 is not genotyped directly, all alleles that are negative for a sequence variation are defaulted to a CYP2B6*1 assignment. The inferred frequency for CYP2B6*1 is calculated as: 1 - (sum of averaged variant allele frequencies).	4	1
TEST_ALERT	RxNorm:704	The specific wording of the alert text may differ among sites.	0	1
TEST_ALERT	RxNorm:704	"Clinical pharmacist" could also be pharmacist, pharmacologist, or a clinician with pharmacogenetics expertise/training.	1	1
TEST_ALERT	RxNorm:72236	The specific wording of the alert text may differ among sites.	0	1
TEST_ALERT	RxNorm:72236	Pharmacist, pharmacologist, or a clinician with pharmacogenetic expertise/training.	1	1
TEST_ALERT	RxNorm:42463	The specific wording of the alert text may differ among sites.	0	1
TEST_ALERT	RxNorm:42463	"Clinical pharmacist" could also be pharmacist, pharmacologist, or a clinician with pharmacogenetics expertise/training.	1	1
TEST_ALERT	RxNorm:38400	The specific wording of the alert text may differ among sites.	0	1
TEST_ALERT	RxNorm:38400	"Clinical pharmacist" could also be pharmacist, pharmacologist, or a clinician with pharmacogenetics expertise/training.	1	1
TEST_ALERT	RxNorm:38400	The specific wording of the alert text may differ among sites.	2	1
TEST_ALERT	RxNorm:38400	"Clinical pharmacist" could also be pharmacist, pharmacologist, or a clinician with pharmacogenetics expertise/training.	3	1
TEST_ALERT	RxNorm:4815	The specific wording of the alert text may differ among sites.	0	1
TEST_ALERT	RxNorm:4815	"Clinical pharmacist" may be a pharmacist, pharmacologist, or a clinician with pharmacogenomics expertise/training.	1	1
TEST_ALERT	RxNorm:4815	The specific wording of the alert text may differ among sites.	2	1
TEST_ALERT	RxNorm:4815	"Clinical pharmacist" may be a pharmacist, pharmacologist, or a clinician with pharmacogenetics expertise/training.	3	1
TEST_ALERT	RxNorm:7454	The specific wording of the alert text may differ among sites.	0	1
TEST_ALERT	RxNorm:7454	"Clinical pharmacist" may be a pharmacist, pharmacologist, or a clinician with pharmacogenomics expertise/training.	1	1
TEST_ALERT	RxNorm:10831	The specific wording of the alert text may differ among sites.	0	1
TEST_ALERT	RxNorm:10831	"Clinical pharmacist" may be a pharmacist, pharmacologist, or a clinician with pharmacogenomics expertise/training.	1	1
TEST_ALERT	RxNorm:10831	The specific wording of the alert text may differ among sites.	2	1
TEST_ALERT	RxNorm:10831	"Clinical pharmacist" may be a pharmacist, pharmacologist, or a clinician with pharmacogenetics expertise/training.	3	1
TEST_ALERT	RxNorm:11258	The specific wording of the alert text may differ among sites.	0	1
TEST_ALERT	RxNorm:11258	"Clinical pharmacist" may be a pharmacist, pharmacologist, or a clinician with pharmacogenomics expertise/training.	1	1
TEST_ALERT	RxNorm:11258	The specific wording of the alert text may differ among sites.	2	1
TEST_ALERT	RxNorm:11258	"Clinical pharmacist" may be a pharmacist, pharmacologist, or a clinician with pharmacogenetics expertise/training.	3	1
ALLELE_DEFINITION	IFNL3	rsID=RefSNP accession ID number (http://www.ncbi.nlm.nih.gov/snp/)	0	1
ALLELE_DEFINITION	IFNL3	All variants are annotated to the positive DNA strand.	1	1
GENE_CDS	CYP2C19	The phenotype is used to store an interpretation of the test result. This is a design decision that may differ among sites.	0	1
GENE_CDS	CYP2C19	For this example, a priority result is defined as a genetic test result that results in a change in drug, drug dose, or drug monitoring.	1	1
GENE_CDS	CYP2C19	The specific wording of the interpretive text may differ among sites.	2	1
FREQUENCY	CYP2C9	For full references see "References" tab.	0	1
FREQUENCY	CYP2C9	Average frequencies based on the reported frequencies in one or multiple studies.	1	1
FREQUENCY	CYP2C9	Based on the PharmGKB biogeographical groups https://www.pharmgkb.org/page/biogeographicalGroups	2	1
FREQUENCY	CYP2C9	See allele definition table (https://www.pharmgkb.org/page/cyp2c9RefMaterials) for allele definitions	3	1
FREQUENCY	CYP2C9	Because CYP2C9*1 is not genotyped directly, all alleles that are negative for a sequence variation are defaulted to a CYP2C9*1 assignment. The inferred frequency for CYP2C9*1 is calculated as: 1 - (sum of averaged variant allele frequencies).	4	1
TEST_ALERT	RxNorm:343047	The specific wording of the alert text may differ among sites.	0	1
TEST_ALERT	RxNorm:343047	"Clinical pharmacist" could also be pharmacist, pharmacologist, or a clinician with pharmacogenetics expertise/training.	1	1
TEST_ALERT	RxNorm:5095	The specific wording of the alert text may differ among sites.	0	1
TEST_ALERT	RxNorm:5095	"Clinical pharmacist" could also be pharmacist, pharmacologist, or a clinician with pharmacogenetics expertise/training.	1	1
TEST_ALERT	RxNorm:301542	The specific wording of the alert text may differ among sites.	0	1
TEST_ALERT	RxNorm:301542	"Clinical pharmacist" could also be pharmacist, pharmacologist, or a clinician with pharmacogenetics expertise/training.	1	1
TEST_ALERT	RxNorm:1256	The specific wording of the alert text may differ among sites.	0	1
TEST_ALERT	RxNorm:1256	"Clinical pharmacist" could also be pharmacist, pharmacologist, or a clinician with pharmacogenetics expertise/training.	1	1
TEST_ALERT	RxNorm:5470	The specific wording of the alert text may differ among sites.	0	1
TEST_ALERT	RxNorm:5470	"Clinical pharmacist" may be a pharmacist, pharmacologist, or a clinician with pharmacogenetics expertise/training.	1	1
TEST_ALERT	RxNorm:7517	The specific wording of the alert text may differ among sites.	0	1
TEST_ALERT	RxNorm:7517	"Clinical pharmacist" may be a pharmacist, pharmacologist, or a clinician with pharmacogenomics expertise/training.	1	1
TEST_ALERT	RxNorm:7517	The specific wording of the alert text may differ among sites.	2	1
TEST_ALERT	RxNorm:7517	"Clinical pharmacist" may be a pharmacist, pharmacologist, or a clinician with pharmacogenetics expertise/training.	3	1
TEST_ALERT	RxNorm:10184	The specific wording of the alert text may differ among sites.	0	1
TEST_ALERT	RxNorm:10184	"Clinical pharmacist" may be a pharmacist, pharmacologist, or a clinician with pharmacogenomics expertise/training.	1	1
TEST_ALERT	RxNorm:10184	The specific wording of the alert text may differ among sites.	2	1
TEST_ALERT	RxNorm:10184	"Clinical pharmacist" may be a pharmacist, pharmacologist, or a clinician with pharmacogenetics expertise/training.	3	1
TEST_ALERT	RxNorm:1455099	The specific wording of the alert text may differ among sites.	0	1
TEST_ALERT	RxNorm:1455099	"Clinical pharmacist" could also be pharmacist, pharmacologist, or a clinician with pharmacogenetics expertise/training.	1	1
ALLELE_DEFINITION	MT-RNR1	Variant selection based on the CPIC guideline for aminoglycoside antibiotics and MT-RNR1.	0	1
GENE_CDS	CYP2C9	The phenotype is used to store an interpretation of the test result. This is a design decision that may differ among sites. Assignment of all Genotype/Phenotype Summaries based on diplotype is available on the 'Possible CYP2C19' Diplotype tab.	0	1
GENE_CDS	CYP2C9	A priority result is defined as a genetic test result that results in a change in drug, drug dose, or drug monitoring.	1	1
GENE_CDS	CYP2C9	The specific wording of the interpretive text may differ among sites.	2	1
FREQUENCY	CYP2D6	In the Sub-Saharan African group, presented data for Twesigomwe et al., 2022 PMID 36111505 is a combination of frequencies from PMID 36111505 and Wang et al. 2022 PMID 36294714. See the Methods and Caveats tab for how *1 frequencies are determined for this file.	0	1
TEST_ALERT	RxNorm:83367	The specific wording of the alert text may differ among sites.	0	1
TEST_ALERT	RxNorm:83367	"Clinical pharmacist" could also be pharmacist, pharmacologist, or a clinician with pharmacogenetics expertise/training.	1	1
TEST_ALERT	RxNorm:5691	The specific wording of the alert text may differ among sites.	0	1
TEST_ALERT	RxNorm:5691	"Clinical pharmacist" could also be pharmacist, pharmacologist, or a clinician with pharmacogenetics expertise/training.	1	1
TEST_ALERT	RxNorm:36437	The specific wording of the alert text may differ among sites.	0	1
TEST_ALERT	RxNorm:36437	"Clinical pharmacist" could also be pharmacist, pharmacologist, or a clinician with pharmacogenetics expertise/training.	1	1
TEST_ALERT	RxNorm:194000	The specific wording of the alert text may differ among sites.	0	1
TEST_ALERT	RxNorm:194000	"Clinical pharmacist" could also be pharmacist, pharmacologist, or a clinician with pharmacogenetics expertise/training.	1	1
TEST_ALERT	RxNorm:5489	The specific wording of the alert text may differ among sites.	0	1
TEST_ALERT	RxNorm:5489	"Clinical pharmacist" could also be pharmacist, pharmacologist, or a clinician with pharmacogenetics expertise/training.	1	1
TEST_ALERT	RxNorm:7623	The specific wording of the alert text may differ among sites.	0	1
TEST_ALERT	RxNorm:7623	"Clinical pharmacist" may be a pharmacist, pharmacologist, or a clinician with pharmacogenomics expertise/training.	1	1
TEST_ALERT	RxNorm:7623	The specific wording of the alert text may differ among sites.	2	1
TEST_ALERT	RxNorm:7623	"Clinical pharmacist" may be a pharmacist, pharmacologist, or a clinician with pharmacogenetics expertise/training.	3	1
TEST_ALERT	RxNorm:9524	The specific wording of the alert text may differ among sites.	0	1
TEST_ALERT	RxNorm:9524	"Clinical pharmacist" may be a pharmacist, pharmacologist, or a clinician with pharmacogenomics expertise/training.	1	1
TEST_ALERT	RxNorm:9524	The specific wording of the alert text may differ among sites.	2	1
TEST_ALERT	RxNorm:9524	"Clinical pharmacist" may be a pharmacist, pharmacologist, or a clinician with pharmacogenetics expertise/training.	3	1
DIPLOTYPE_PHENOTYPE	RYR1	The CPIC guideline includes RYR1 variants assigned a Allele Clinical Functional Status of Normal function, Uncertain function, and Malignant Hyperthermia associated (see the "RYR1_allele_functionality_reference" file). A translation of Allele Function combinations to Phenotype is available in the "RYR1_phenotypes" file. It might be possible that a subject could have more than 2 RYR1 variants and this RYR1_Diplotype_Phenotype_Table is a representation of possible RYR1 genotypes considering the two functionally most impacted RYR1 variants.	0	1
ALLELE_DEFINITION	NAT2	rsID = RefSNP accession ID number (http://www.ncbi.nlm.nih.gov/snp/)	0	1
ALLELE_DEFINITION	NAT2	All variants are annotated to the positive DNA strand.	1	1
ALLELE_DEFINITION	NAT2	Structural variants are represented using the PharmVar ID.	2	1
ALLELE_DEFINITION	NAT2	See PharmVar website (http://www.pharmvar.org) for comprehensive haplotype definitions of NAT2 variant alleles and updated allele information.	3	1
ALLELE_DEFINITION	NAT2	An important caveat for all genotyping tests is that the decision to assign an allele a "wild-type" status is based upon a genotyping test that interrogates only the most common and already-proven sites of functional variation. In human DNA, it is always possible that a new, previously undiscovered (and therefore un-interrogated) site of variation may confer loss-of-function in an individual, and thus lead to the rare possibility of a non-functional allele being erroneously called as "wild-type."	4	1
ALLELE_DEFINITION	NAT2	Some drastic changes have been made to NAT2 nomenclature during transition from the original (Database of Arylamine N-Acetyltransferases (NATs)) to the new (https://www.pharmvar.org/gene/NAT2) "star" allele definitions:	5	1
ALLELE_DEFINITION	NAT2	The NAT2 reference allele has now changed: The NG_012246.1 RefSeq differs from X14672.1 (which was used in the past to define star alleles) at the position that corresponds to c.803 (rs1208), where X14672.1 has "A" while NG_012246.1 has "G". Thus, depending on which reference sequence is utilized, this position is reported as either reference or variant. The transition of allele definitions to the NG_012246.1 RefSeq caused "variant switching", meaning that all star alleles which were previously described as having c.803A>G lost this variant, as "G" is now considered reference, while all other star alleles gained c.803G>A, as "A" is now considered variant.	6	1
ALLELE_DEFINITION	NAT2	The new reference allele is now catalogued as NAT2*1: The sequence of NG_012246.1 RefSeq corresponds to the allele that was formerly described as NAT2*12A. Its renaming as NAT2*1.001 facilitates the application of PharmVar rules to NAT2 allelic nomenclature, while it also enables the use of NAT2*1 name to describe the reference allele, in line with the star allele nomenclature of other pharmacogenes. To avoid confusion during the transition from the legacy to the new nomenclature, *12 is now retired. Having a NAT2*1 allele grouping in place also facilitates NGS analyses using GRCh38 as a reference.	7	1
ALLELE_DEFINITION	NAT2	NAT2*4 is no longer considered as the reference allele: Alleles carrying c.803G>A as their only amino acid changing SNV will be called as *4 according to the new nomenclature. This includes the former NAT2*4 reference allele of sequence X14672.1, now considered a variant and listed as NAT2*4.001. Although this will no longer be used as a reference, it is considered to be functionally equivalent to NAT2*1.001 (formerly NAT2*12A) and may still be used to compare the enzymatic or structural properties of polymorphic NAT2 proteins.	8	1
ALLELE_DEFINITION	NAT2	Not all previously defined star alleles have been transferred: In the past, it has not always been clear how a NAT2 haplotype was determined. Many have been inferred via computational phase analysis and were not verified experimentally. In the case of haplotypes where the available evidence from the literature was deemed insufficient to support confident allele definition, those haplotypes were not transferred to PharmVar, but they will remain posted on the original Database of Arylamine N-Acetyltransferases (NATs).	9	1
ALLELE_DEFINITION	NAT2	This file contains the PharmVar NAT2 core allele definitions.	10	1
ALLELE_DEFINITION	NAT2	Alleles with content annotated in PharmGKB but not included in PharmVar (*5G, *5J, *5M, *5U, *6J, *7G, *17) are added using the the original Database of Arylamine N-Acetyltransferases (NATs, http://nat.mbg.duth.gr/Human%20NAT2%20alleles_2013.htm) definitions. This results in the inclusion of 2 synonymous SNPs (added in grey). PharmVar NAT2 core alleles do not include these SNPs although those are part of many NAT2 suballeles and the cells in the core alleles are therefore left blank in this file (see PharmVar for all transitioned NAT2 suballeles and about what is included in a core allele definition). Additionally, with transitioning to PharmVar, the change at p.268 is now according to the reference sequence R268K (see above information). Therefore, original definitions that include K268R will have a blank cell, while alleles that did not include the SNP will now have an "A" at this position.\nPositions added: \n226T>G part of *7G\n434A>C part of *17\n282C>T and 481C>T synonymous SNPs\n*5G has K268R - 803G =ref at this position, therefore blank\n*5J has 803A \n*5M has K268R - 803G =ref at this position, therefore blank\n*5U has K268R - 803G =ref at this position, therefore blank\n*6J has 803A \n*7G has 803A \n*17 has 803A	11	1
GENE_CDS	CYP3A5	The coded diplotype/phenotype summary is used to store an interpretation of the test result. This is a design decision that may differ among sites. Assignment of all Genotype/Phenotype Summaries based on diplotype is available on the 'Possible CYP2C19' Diplotype tab.	0	1
GENE_CDS	CYP3A5	For this example, a priority result is defined as a genetic test result that results in a change in drug, drug dose, or drug monitoring.	1	1
GENE_CDS	CYP3A5	The specific wording of the interpretive text may differ among sites.	2	1
FREQUENCY	CYP3A5	For full references see "References" tab.	0	1
FREQUENCY	CYP3A5	Average frequencies based on the reported frequencies in one or multiple studies.	1	1
FREQUENCY	CYP3A5	Based on the PharmGKB biogeographical groups https://www.pharmgkb.org/page/biogeographicalGroups	2	1
FREQUENCY	CYP3A5	See the Allele Definition Table at http://www.pharmgkb.org/cyp3a5RefMaterials for allele definitions	3	1
FREQUENCY	CYP3A5	Because CYP3A5*1 is not genotyped directly, all alleles that are negative for a sequence variation are defaulted to a CYP3A5*1 assignment. The inferred frequency for CYP3A5*1 is calculated as: 1 - (sum of averaged variant allele frequencies).	4	1
TEST_ALERT	RxNorm:2002	The specific wording of the alert text may differ among sites.	0	1
TEST_ALERT	RxNorm:2002	"Clinical Pharmacist" could be a pharmacist, pharmacologist, or a clinician with pharmacogenetic expertise/training.	1	1
TEST_ALERT	RxNorm:6026	The specific wording of the alert text may differ among sites.	0	1
TEST_ALERT	RxNorm:6026	"Clinical pharmacist" could also be pharmacist, pharmacologist, or a clinician with pharmacogenetics expertise/training.	1	1
TEST_ALERT	RxNorm:36453	The specific wording of the alert text may differ among sites.	0	1
TEST_ALERT	RxNorm:36453	"Clinical pharmacist" could also be pharmacist, pharmacologist, or a clinician with pharmacogenetics expertise/training.	1	1
TEST_ALERT	RxNorm:140587	The specific wording of the alert text may differ among sites.	0	1
TEST_ALERT	RxNorm:140587	Pharmacist, pharmacologist, or a clinician with pharmacogenetic expertise/training.	1	1
ALLELE_DEFINITION	NUDT15	PharmVAR releases new alleles based on received submissions, see https://www.pharmvar.org/gene/NUDT15 for comprehensive haplotype definitions of NUDT15 variant alleles, including sub-alleles, and updated allele information.	0	1
ALLELE_DEFINITION	NUDT15	The variants included in the alleles are based on the PharmVar core alleles (for core allele definitions only, see https://www.pharmvar.org/gene/NUDT15). In addition, variants that present in the core allele for one star allele but also present in some but not all suballeles of another star allele are included in the other star allele as ambiguous changes, e.g. the *3 consensus allele includes a "GAGTCG(3) or GAGTCG(4)" at the position 55_56insGAGTCG since this variant defines the *6 core allele but is not part of the *3 core allele definition in PharmVar since it is not present in all *3 suballeles. These postions are represented in grey (G) in the Comparative Allele ViewEr (CAVE) tool at PharmVar.	1	1
ALLELE_DEFINITION	NUDT15	rsID=RefSNP accession ID number (http://www.ncbi.nlm.nih.gov/snp/)	2	1
ALLELE_DEFINITION	NUDT15	All variants are annotated to the positive DNA strand.	3	1
ALLELE_DEFINITION	NUDT15	rs554405994 was merged into rs869320766 which was merged into rs746071566	4	1
ALLELE_DEFINITION	NUDT15	Content is accessed through the PharmVar API. HGVS and 'PharmVar-style' (accessible on the PharmVar website) positions may differ for indels in some instances which is most likely explained by differences in sequence alignments. Also, PharmVar displays single nucleotide insertions as 'ins' while the HGVS display is as duplications or 'dub' if the insertion is the same base as the prior base.	5	1
GENE_CDS	DPYD	The phenotype is used to store an interpretation of the test result. This is a design decision that may differ among sites.	0	1
GENE_CDS	DPYD	For this example, a priority result is defined as a genetic test result that results in a change in drug, drug dose, or drug monitoring.	1	1
GENE_CDS	DPYD	The specific wording of the interpretive text may differ among sites.	2	1
FREQUENCY	CYP4F2	For full references see "references" tab.	0	1
FREQUENCY	CYP4F2	Average frequencies based on the reported frequencies in one or multiple studies.	1	1
FREQUENCY	CYP4F2	Based on the PharmGKB biogeographical groups https://www.pharmgkb.org/page/biogeographicalGroups	2	1
FREQUENCY	CYP4F2	See allele definition table (https://www.pharmgkb.org/page/cyp4f2RefMaterials) for allele definitions	3	1
FREQUENCY	CYP4F2	Because CYP4F2*1 is not genotyped directly, all alleles that are negative for a sequence variation are defaulted to a CYP4F2*1 assignment. The inferred frequency for CYP4F2*1 is calculated as: 1 - (sum of averaged variant allele frequencies).	4	1
TEST_ALERT	RxNorm:2556	The specific wording of the alert text may differ among sites.	0	1
ALLELE_DEFINITION	CACNA1S	Variant selection based on the CPIC guideline for potent volatile anesthetic agents and succinylcholine and RYR1 and CACNA1S.	0	1
TEST_ALERT	RxNorm:2556	"Clinical pharmacist" could also be pharmacist, pharmacologist, or a clinician with pharmacogenetics expertise/training.	1	1
TEST_ALERT	RxNorm:17128	The specific wording of the alert text may differ among sites.	0	1
TEST_ALERT	RxNorm:17128	"Clinical pharmacist" may be a pharmacist, pharmacologist, or a clinician with pharmacogenetics expertise/training.	1	1
TEST_ALERT	RxNorm:17128	The specific wording of the alert text may differ among sites.	2	1
TEST_ALERT	RxNorm:17128	"Clinical pharmacist" may be a pharmacist, pharmacologist, or a clinician with pharmacogenetics expertise/training.	3	1
TEST_ALERT	RxNorm:36567	The specific wording of the alert text may differ among sites.	0	1
TEST_ALERT	RxNorm:36567	"Clinical pharmacist" could also be pharmacist, pharmacologist, or a clinician with pharmacogenetics expertise/training.	1	1
TEST_ALERT	RxNorm:2348	The specific wording of the alert text may differ among sites.	0	1
TEST_ALERT	RxNorm:2348	"Clinical pharmacist" may be a pharmacist, pharmacologist, or a clinician with pharmacogenomics expertise/training.	1	1
TEST_ALERT	RxNorm:2348	The specific wording of the alert text may differ among sites.	2	1
TEST_ALERT	RxNorm:2348	"Clinical pharmacist" may be a pharmacist, pharmacologist, or a clinician with pharmacogenetics expertise/training.	3	1
TEST_ALERT	RxNorm:5521	The specific wording of the alert text may differ among sites.	0	1
TEST_ALERT	RxNorm:5521	"Clinical pharmacist" may be a pharmacist, pharmacologist, or a clinician with pharmacogenomics expertise/training.	1	1
TEST_ALERT	RxNorm:5521	The specific wording of the alert text may differ among sites.	2	1
TEST_ALERT	RxNorm:5521	"Clinical pharmacist" may be a pharmacist, pharmacologist, or a clinician with pharmacogenetics expertise/training.	3	1
TEST_ALERT	RxNorm:7934	The specific wording of the alert text may differ among sites.	0	1
TEST_ALERT	RxNorm:7934	"Clinical pharmacist" could also be pharmacist, pharmacologist, or a clinician with pharmacogenetics expertise/training.	1	1
TEST_ALERT	RxNorm:10207	The specific wording of the alert text may differ among sites.	0	1
TEST_ALERT	RxNorm:10207	"Clinical pharmacist" may be a pharmacist, pharmacologist, or a clinician with pharmacogenomics expertise/training.	1	1
TEST_ALERT	RxNorm:10207	The specific wording of the alert text may differ among sites.	2	1
TEST_ALERT	RxNorm:10207	"Clinical pharmacist" may be a pharmacist, pharmacologist, or a clinician with pharmacogenetics expertise/training.	3	1
ALLELE_DEFINITION	RYR1	Variant selection based on an update of the CPIC guideline for potent volatile anesthetic agents and succinylcholine. The guideline update includes the published list of RYR1 variants (supplemental table S2), which are evaluated by the ClinGen malignant hyperthermia susceptibility (MHS) variant curation expert panel and classified for RYR1-related malignant hyperthermia susceptibility based on specified the ACMG/AMP criteria (PMID 35849058).	0	1
ALLELE_DEFINITION	RYR1	The deletion of an E can be represented as E2347del orE2348del (c.7039_7041delGAG or c.7042_7044delGAG, respectivly). c.7042_7044delGAG is used to name the variant in the file to reflect the ClinGen naming, however the mapping of the variant is done according to the corresponding rsID rs121918596.	1	1
GENE_CDS	G6PD	For this example, a priority result is defined as a genetic test result that results in a change in drug, drug dose, or drug monitoring.	0	1
GENE_CDS	G6PD	The specific wording of the interpretive text may differ among sites.	1	1
FREQUENCY	DPYD	Both variants in c.1129-5923C>G, c.1236G>A (HapB3) are listed with identical frequencies in 1000 Genomes	0	1
FREQUENCY	DPYD	For full references see "References" tab.	1	1
FREQUENCY	DPYD	Average frequencies based on the reported frequencies in one or multiple studies.	2	1
FREQUENCY	DPYD	Based on the PharmGKB biogeographical groups https://www.pharmgkb.org/page/biogeographicalGroups	3	1
FREQUENCY	DPYD	See allele definition table (https://www.pharmgkb.org/page/dpydRefMaterials) for allele definitions	4	1
TEST_ALERT	RxNorm:2597	The specific wording of the alert text may differ among sites.	0	1
TEST_ALERT	RxNorm:2597	"Clinical pharmacist" could also be pharmacist, pharmacologist, or a clinician with pharmacogenetics expertise/training.	1	1
TEST_ALERT	RxNorm:6472	The specific wording of the alert text may differ among sites.	0	1
TEST_ALERT	RxNorm:6472	"Clinical pharmacist" could also be pharmacist, pharmacologist, or a clinician with pharmacogenetics expertise/training.	1	1
TEST_ALERT	RxNorm:10154	The specific wording of the alert text may differ among sites.	0	1
TEST_ALERT	RxNorm:10154	"Clinical pharmacist" could also be pharmacist, pharmacologist, or a clinician with pharmacogenetics expertise/training.	1	1
ALLELE_DEFINITION	CFTR	rsID=RefSNP accession ID number (http://www.ncbi.nlm.nih.gov/snp/)	0	1
ALLELE_DEFINITION	CFTR	All variants are annotated to the positive chromosomal strand.	1	1
ALLELE_DEFINITION	CFTR	Class is defined in PMID: 20932301.	2	1
ALLELE_DEFINITION	CFTR	Table includes variants listed as ivacaftor responsive on FDA-approved ivacaftor (Kalydeco) label (see change log for updates).	3	1
ALLELE_DEFINITION	CFTR	The ivacaftor (Kalydeco) label includes the CFTR variants as amino acid changes. Based on information in dbSNP, for four variants, the amino acid change can be coded by >1 nucleotide change at the same genomic position. In these cases the variant was named with the protein change and the nucleotide change in parentheses.	4	1
ALLELE_DEFINITION	CFTR	The ivacaftor label includes F311del. The variant is caused by a 3 bp deletion within a repetitive sequence C TTC TTC TTC T at nucleotide position 1059-1069. This results in a deletion of one of the phenylalanine residues at either position 311, 312 or 313.	5	1
ALLELE_DEFINITION	CFTR	F508C;S1251N includes the following footnote for Table 3 of the FDA-approved ivacaftor label (annotated by ClinPGx 10/05/2023): "Complex/compound mutations where a single allele of the CFTR gene has multiple mutations; these exist independent of the presence of mutations on the other allele."	6	1
TEST_ALERT	RxNorm:2393	The specific wording of the alert text may differ among sites.	0	1
TEST_ALERT	RxNorm:2393	"Clinical pharmacist" may be a pharmacist, pharmacologist, or a clinician with pharmacogenomics expertise/training.	1	1
TEST_ALERT	RxNorm:2393	The specific wording of the alert text may differ among sites.	2	1
TEST_ALERT	RxNorm:2393	"Clinical pharmacist" may be a pharmacist, pharmacologist, or a clinician with pharmacogenetics expertise/training.	3	1
TEST_ALERT	RxNorm:5640	The specific wording of the alert text may differ among sites.	0	1
TEST_ALERT	RxNorm:5640	Pharmacist, pharmacologist, or a clinician with pharmacogenetic expertise/training.	1	1
TEST_ALERT	RxNorm:1011650	The specific wording of the alert text may differ among sites.	0	1
TEST_ALERT	RxNorm:1011650	"Clinical pharmacist" may be a pharmacist, pharmacologist, or a clinician with pharmacogenomics expertise/training.	1	1
TEST_ALERT	RxNorm:2054023	The specific wording of the alert text may differ among sites.	0	1
TEST_ALERT	RxNorm:2054023	"Clinical pharmacist" may be a pharmacist, pharmacologist, or a clinician with pharmacogenomics expertise/training.	1	1
ALLELE_DEFINITION	SLCO1B1	rsID=RefSNP accession ID number (http://www.ncbi.nlm.nih.gov/snp/)	0	1
ALLELE_DEFINITION	SLCO1B1	All variants are annotated to the positive DNA strand.	1	1
ALLELE_DEFINITION	SLCO1B1	An important caveat for all genotyping tests is that the decision to assign an allele a "wild-type" status is based upon a genotyping test that interrogates only the most common and already-proven sites of functional variation. In human DNA, it is always possible that a new, previously undiscovered (and therefore un-interrogated) site of variation may confer loss-of-function in an individual, and thus lead to the rare possibility of a non-functional allele being erroneously called as "wild-type."	2	1
ALLELE_DEFINITION	SLCO1B1	Citations for assignment of function can be found at https://www.pharmgkb.org/page/slco1b1RefMaterials	3	1
GENE_CDS	HLA-A	The phenotype is used to store an interpretation of the test result. This is a design decision that may differ among sites.	0	1
GENE_CDS	HLA-A	For this example, a priority result is defined as a genetic test result that results in a change in drug, drug dose, or drug monitoring.	1	1
GENE_CDS	HLA-A	The specific wording of the interpretive text may differ among sites.	2	1
FREQUENCY	G6PD	The allele frequency table was made by searching the gnomAD database v2.1.1 except for Cairo from v3.1.2	0	1
FREQUENCY	G6PD	Based on the PharmGKB biogeographical groups https://www.pharmgkb.org/page/biogeographicalGroups	1	1
FREQUENCY	G6PD	See allele definition table (https://www.pharmgkb.org/page/g6pdRefMaterials) for allele definitions	2	1
FREQUENCY	G6PD	Because B(reference) is not genotyped directly, all alleles that are negative for a sequence variation are defaulted to a B (reference) assignment. The inferred frequency for B(reference) is calculated as: 1 - (sum of averaged variant allele frequencies) but this may not be accurate since there are many variants with no known frequency.	3	1
FREQUENCY	G6PD	Note that gnomAD does not calculate haploytpe frequencies. Some haplotypes have frequencies in this spreadsheet if a unique allele in the haplotype has frequency information in gnomAD AND if the other variant in the haplotype is known to have normal function	4	1
FREQUENCY	G6PD	Note that some variants in this spreadsheet can either be found alone or in a haplotype (in combination with other variants). Therefore the frequency reported MAY NOT BE FOR THE VARIANT ALONE, BUT ALSO FOR THE VARIANT IF FOUND IN A HAPLOTYPE.	5	1
TEST_ALERT	RxNorm:32968	The specific wording of the alert text may differ among sites.	0	1
TEST_ALERT	RxNorm:32968	"Clinical pharmacist" may be a pharmacist, pharmacologist, or a clinician with pharmacogenetics expertise/training.	1	1
TEST_ALERT	RxNorm:6857	The specific wording of the alert text may differ among sites.	0	1
TEST_ALERT	RxNorm:6857	"Clinical pharmacist" could also be pharmacist, pharmacologist, or a clinician with pharmacogenetics expertise/training.	1	1
TEST_ALERT	RxNorm:42316	The specific wording of the alert text may differ among sites.	0	1
TEST_ALERT	RxNorm:42316	"Clinical pharmacist" could also be pharmacist, pharmacologist, or a clinician with pharmacogenetics expertise/training.	1	1
ALLELE_DEFINITION	CYP2B6	rsID=RefSNP accession ID number (http://www.ncbi.nlm.nih.gov/snp/)	0	1
ALLELE_DEFINITION	CYP2B6	All variants are annotated to the positive chromosomal strand.	1	1
ALLELE_DEFINITION	CYP2B6	See PharmVar website (http://www.pharmvar.org) for comprehensive haplotype definitions of CYP2B6 variant alleles and updated allele information.	2	1
ALLELE_DEFINITION	CYP2B6	An important caveat for all genotyping tests is that the decision to assign an allele a "wild-type" status is based upon a genotyping test that interrogates only the most common and already-proven sites of functional variation. In human DNA, it is always possible that a new, previously undiscovered (and therefore un-interrogated) site of variation may confer loss-of-function in an individual, and thus lead to the rare possibility of a non-functional allele being erroneously called as "wild-type."	3	1
TEST_ALERT	RxNorm:2551	The specific wording of the alert text may differ among sites.	0	1
TEST_ALERT	RxNorm:2551	"Clinical pharmacist" may be a pharmacist, pharmacologist, or a clinician with pharmacogenomics expertise/training.	1	1
TEST_ALERT	RxNorm:2551	The specific wording of the alert text may differ among sites.	2	1
TEST_ALERT	RxNorm:2551	"Clinical pharmacist" may be a pharmacist, pharmacologist, or a clinician with pharmacogenetics expertise/training.	3	1
TEST_ALERT	RxNorm:6099	The specific wording of the alert text may differ among sites.	0	1
TEST_ALERT	RxNorm:6099	"Clinical pharmacist" could also be pharmacist, pharmacologist, or a clinician with pharmacogenetics expertise/training.	1	1
TEST_ALERT	RxNorm:8120	The specific wording of the alert text may differ among sites.	0	1
TEST_ALERT	RxNorm:8120	"Clinical pharmacist" may be a pharmacist, pharmacologist, or a clinician with pharmacogenomics expertise/training.	1	1
TEST_ALERT	RxNorm:8120	The specific wording of the alert text may differ among sites.	2	1
TEST_ALERT	RxNorm:8120	"Clinical pharmacist" may be a pharmacist, pharmacologist, or a clinician with pharmacogenetics expertise/training.	3	1
TEST_ALERT	RxNorm:10485	The specific wording of the alert text may differ among sites.	0	1
TEST_ALERT	RxNorm:10485	"Clinical pharmacist" could also be pharmacist, pharmacologist, or a clinician with pharmacogenetics expertise/training.	1	1
ALLELE_DEFINITION	TPMT	rsID=RefSNP accession ID number (http://www.ncbi.nlm.nih.gov/snp/)	0	1
ALLELE_DEFINITION	TPMT	All variants are annotated to the positive DNA strand.	1	1
ALLELE_DEFINITION	TPMT	Variants are sourced from the TPMT nomenclature committee (TPMT Alleles), see https://liu.se/en/research/tpmt-nomenclature-committee	2	1
GENE_CDS	HLA-B	The phenotype is used to store an interpretation of the test result. This is a design decision that may differ among sites.	0	1
GENE_CDS	HLA-B	For this example, a priority result is defined as a genetic test result that results in a change in drug, drug dose, or drug monitoring.	1	1
GENE_CDS	HLA-B	The specific wording of the interpretive text may differ among sites.	2	1
FREQUENCY	HLA-A	For full references see "References" tab.	0	1
FREQUENCY	HLA-A	Average frequencies based on the reported frequencies in one or multiple studies.	1	1
FREQUENCY	HLA-A	Based on the PharmGKB biogeographical groups https://www.pharmgkb.org/page/biogeographicalGroups	2	1
TEST_ALERT	RxNorm:27340	The specific wording of the alert text may differ among sites.	0	1
TEST_ALERT	RxNorm:27340	"Clinical pharmacist" could also be pharmacist, pharmacologist, or a clinician with pharmacogenetics expertise/training.	1	1
TEST_ALERT	RxNorm:7531	The specific wording of the alert text may differ among sites.	0	1
TEST_ALERT	RxNorm:7531	"Clinical pharmacist" could also be pharmacist, pharmacologist, or a clinician with pharmacogenetics expertise/training.	1	1
TEST_ALERT	RxNorm:10324	The specific wording of the alert text may differ among sites.	0	1
TEST_ALERT	RxNorm:10324	"Clinical pharmacist" could also be pharmacist, pharmacologist, or a clinician with pharmacogenetics expertise/training.	1	1
TEST_ALERT	RxNorm:2670	The specific wording of the alert text may differ among sites.	0	1
TEST_ALERT	RxNorm:2670	"Clinical pharmacist" could also be pharmacist, pharmacologist, or a clinician with pharmacogenetics expertise/training.	1	1
TEST_ALERT	RxNorm:20890	The specific wording of the alert text may differ among sites.	0	1
TEST_ALERT	RxNorm:20890	Pharmacist, pharmacologist, or a clinician with pharmacogenetic expertise/training.	1	1
ALLELE_DEFINITION	CYP2C19	The variants included in the alleles are based on the PharmVar core alleles (for core allele definitions only, see https://www.pharmvar.org/gene/CYP2C19). In addition, variants that present in the core allele for one star allele but also present in some but not allsuballeles of another star allele are included in the other star allele as ambiguous changes using the IUPAC nucleotide code (https://www.bioinformatics.org/sms/iupac.html), e.g. the *4 consensus allele includes a "Y" being either C or T at the -806C>T position since this variant is part of the *17 core allele but is not part of the *4 core allele at PharmVar since it is not present in all *4 suballeles. These postions are represented in grey in the Comparative Allele ViewEr (CAVE) tool at PharmVar.	0	1
ALLELE_DEFINITION	CYP2C19	PharmVAR releases new alleles based on received submissions, see https://www.pharmvar.org for comprehensive haplotype definitions of CYP2C19 variant alleles, including sub-alleles, and updated allele information.	1	1
ALLELE_DEFINITION	CYP2C19	rsID=RefSNP accession ID number (http://www.ncbi.nlm.nih.gov/snp/)	2	1
DIPLOTYPE_PHENOTYPE	DPYD	It is possible that a subject has > 2 DPYD variants and this DPYD_Diplotype_Phenotype_Table is a representation of possible DPYD genotypes considering the two functionally most impacted (lowest activity value) variants. Based on the CPIC guideline for Dihydropyrimidine Dehydrogenase Genotype and Fluoropyrimidine Dosing: 2017 Update (PMID: 29152729), the DPD phenotype is assigned using a gene activity score (DPYD-AS; based on the DPYD Allele Functionality Table), calculated as the sum of the two DPYD variants with the lowest variant activity value. A translation of Allele Function combinations to Phenotype is available in the "DPYD_phenotypes" file. If two decreased/no function variants are present, each decreased/no function variant is considered to be on a different gene copy when the phase is not known.	0	1
ALLELE_DEFINITION	CYP2C19	All variants are annotated to the positive DNA strand.	3	1
TEST_ALERT	RxNorm:2049549	The specific wording of the alert text may differ among sites.	0	1
TEST_ALERT	RxNorm:2049549	"Clinical pharmacist" could also be pharmacist, pharmacologist, or a clinician with pharmacogenetics expertise/training.	1	1
TEST_ALERT	RxNorm:10627	The specific wording of the alert text may differ among sites.	0	1
TEST_ALERT	RxNorm:10627	"Clinical pharmacist" could also be pharmacist, pharmacologist, or a clinician with pharmacogenetics expertise/training.	1	1
ALLELE_DEFINITION	UGT1A1	rsID=RefSNP accession ID number (http://www.ncbi.nlm.nih.gov/snp/)	0	1
ALLELE_DEFINITION	UGT1A1	All variants are annotated to the positive DNA strand.	1	1
ALLELE_DEFINITION	UGT1A1	To see a full list of known UGT1A1 alleles see https://www.pharmacogenomics.pha.ulaval.ca/wp-content/uploads/2015/04/UGT1A1-allele-nomenclature.html	2	1
ALLELE_DEFINITION	UGT1A1	An important caveat for all genotyping tests is that the decision to assign an allele a "wild-type" status is based upon a genotyping test that interrogates only the most common and already- proven sites of functional variation. In human DNA, it is always possible that a new, previously undiscovered (and therefore un-interrogated) site of variation may confer loss-of-function in an individual, and thus lead to the rare possibility of a non-functional allele being erroneously called as "wild-type".	3	1
ALLELE_DEFINITION	UGT1A1	Citations for assignment of function can be found at https://www.pharmgkb.org/page/ugt1a1RefMaterials	4	1
ALLELE_DEFINITION	UGT1A1	UGT1A1*80 is in very high linkage disequilibrium with *28 and *37. However, the function of the *80 allele alone, in the absence of *28 or *37, is uncertain. If a patient is only tested for *80, decreased function may be inferred, though linkage is not 100%.	5	1
ALLELE_DEFINITION	UGT1A1	TA repeat: Historically in the literature and at the UGT nomenclature website, the TA repeat is referred to as TA(6) for *1, TA(7) for *28, TA(5) for *36, etc. The UGT allele nomenclature website (https://www.pharmacogenomics.pha.ulaval.ca/wp-content/uploads/2015/04/UGT1A1-allele-nomenclature.html) defines them in more detail as for example: A(TA)6TAA to A(TA)7TAA for *28 and A(TA)6TAA to A(TA)5TAA for *36. Note that after the repeat and number, there is an additional TA listed in the flanking sequence as "TAA". Similar nomenclature/representation is in cell C2 of the table on the "Alleles" tab as historical referencing ("CA" in front as an anchor for the point in the sequence that the TA repeats are starting from). Rows 4 and 5 align with the indicated reference sequences. In cells C4 and C5, when counting from the first TA at the given position in the sequence and including the last TA, the 5, 6, 7, 8 repeats become 6, 7, 8, 9 because there are actually 6 to 9 "TA" repeats in the genomic and gene reference sequences.	6	1
GENE_CDS	MT-RNR1	The phenotype is used to store an interpretation of the test result. This is a design decision that may differ among sites.	0	1
GENE_CDS	MT-RNR1	For this example, a priority result is defined as a genetic test result that results in a change in drug, drug dose, or drug monitoring.	1	1
GENE_CDS	MT-RNR1	The specific wording of the interpretive text may differ among sites.	2	1
FREQUENCY	HLA-B	For full references see "References" tab.	0	1
FREQUENCY	HLA-B	aAverage frequencies based on the reported frequencies in one or multiple studies.	1	1
FREQUENCY	HLA-B	bBased on the PharmGKB biogeographical groups https://www.pharmgkb.org/page/biogeographicalGroups	2	1
TEST_ALERT	RxNorm:3247	The specific wording of the alert text may differ among sites.	0	1
TEST_ALERT	RxNorm:3247	"Clinical pharmacist" could also be pharmacist, pharmacologist, or a clinician with pharmacogenetics expertise/training.	1	1
TEST_ALERT	RxNorm:7646	The specific wording of the alert text may differ among sites.	0	1
TEST_ALERT	RxNorm:7646	"Clinical pharmacist" may be a pharmacist, pharmacologist, or a clinician with pharmacogenetics expertise/training.	1	1
ALLELE_DEFINITION	CYP2C19	An important caveat for all genotyping tests is that the decision to assign an allele a wild-type status is based upon a genotyping test that interrogates only the most common and already- proven sites of functional variation. It is always possible that a novel, previously undiscovered (and therefore un-interrogated) site of variation may confer loss-of-function in an individual, and thus lead to the rare possibility of a non-functional allele being erroneously called as wild-type.	4	1
ALLELE_DEFINITION	CYP2C19	The deterimental CYP2C19*4-defining SNP (rs28399504) has been identified to be linked (i.e. on the same chromosome) with *17 (-806C>T; rs12248560) in certain ethnic subpopulations. To distinguish the *4 (no function) and *17 (increased function) alleles, both rs28399504 and rs12248560 needs to be genotyped [PMID: 21358751, PMID: 24012947]). This haplotype is designated CYP2C19*4B [PMID: 21716271, PMID: 21358751].	5	1
ALLELE_DEFINITION	CYP2C19	The SNP c.463G>T (rs374036992) has been identified to occur in linkage with the *17-defining SNP (- 806C>T; rs12248560). To distinguish *17 from this haplotype, c.463G>T needs to be genotyped [PMID: 25141895]. This allele has not been submitted to PharmVar for a star allele designation.	6	1
ALLELE_DEFINITION	CYP2C19	CYP2C19*27 was reassigned to CYP2C19*1.006 with PharmVar Version 4.0 Last Updated May 7 2019	7	1
ALLELE_DEFINITION	CYP2C19	CYP2C19*36 is a full gene deletion and *37 is a partial gene deletion that includes at least exon 1; for details see the PharmVar CYP2C19 GeneFocus (PMID 32602114) and the CYP2C19 Structural Variation document at https://www.pharmvar.org/gene/CYP2C19).	8	1
ALLELE_DEFINITION	CYP2C19	CYP2C19*38 was set as reference allele as this allele matches the human genome CYP2C19 Reference sequence LRG_584 / NG_008384.3. The RefSeq (LRG_584 / NG_008384.3) has 80161A while many of star alleles, including all *1 suballeles have 80161G. Thus, the CYP2C19*1 core allele is defined by one amino acid (I331V), while the *38 core allele definition does not have any amino acid changes.	9	1
TEST_ALERT	RxNorm:7646	The specific wording of the alert text may differ among sites.	2	1
TEST_ALERT	RxNorm:7646	"Clinical pharmacist" may be a pharmacist, pharmacologist, or a clinician with pharmacogenetics expertise/training.	3	1
TEST_ALERT	RxNorm:37790	The specific wording of the alert text may differ among sites.	0	1
TEST_ALERT	RxNorm:37790	Pharmacist, pharmacologist, or a clinician with pharmacogenetic expertise/training.	1	1
TEST_ALERT	RxNorm:3108	The specific wording of the alert text may differ among sites.	0	1
TEST_ALERT	RxNorm:3108	"Clinical pharmacist" may be a pharmacist, pharmacologist, or a clinician with pharmacogenomics expertise/training.	1	1
TEST_ALERT	RxNorm:6572	The specific wording of the alert text may differ among sites.	0	1
TEST_ALERT	RxNorm:6572	"Clinical pharmacist" may be a pharmacist, pharmacologist, or a clinician with pharmacogenomics expertise/training.	1	1
TEST_ALERT	RxNorm:6572	The specific wording of the alert text may differ among sites.	2	1
TEST_ALERT	RxNorm:6572	"Clinical pharmacist" may be a pharmacist, pharmacologist, or a clinician with pharmacogenetics expertise/training.	3	1
TEST_ALERT	RxNorm:8687	The specific wording of the alert text may differ among sites.	0	1
ALLELE_DEFINITION	VKORC1	rsID=RefSNP accession ID number (http://www.ncbi.nlm.nih.gov/snp/)	0	1
ALLELE_DEFINITION	VKORC1	All variants are annotated to the positive DNA strand.	1	1
GENE_CDS	NAT2	The phenotype is used to store an interpretation of the test result. This is a design decision that may differ among sites.	0	1
GENE_CDS	NAT2	For this example, a priority result is defined as a genetic test result that results in a change in drug, drug dose, or drug monitoring.	1	1
GENE_CDS	NAT2	The specific wording of the interpretive text may differ among sites.	2	1
FREQUENCY	MT-RNR1	For full references see "References" tab.	0	1
FREQUENCY	MT-RNR1	aAverage frequencies based on the reported frequencies in one or multiple studies.	1	1
FREQUENCY	MT-RNR1	bBased on the PharmGKB biogeographical groups https://www.pharmgkb.org/page/biogeographicalGroups	2	1
TEST_ALERT	RxNorm:816346	The specific wording of the alert text may differ among sites.	0	1
TEST_ALERT	RxNorm:816346	"Clinical pharmacist" may be a pharmacist, pharmacologist, or a clinician with pharmacogenetics expertise/training.	1	1
TEST_ALERT	RxNorm:816346	The specific wording of the alert text may differ among sites.	2	1
TEST_ALERT	RxNorm:816346	"Clinical pharmacist" may be a pharmacist, pharmacologist, or a clinician with pharmacogenetics expertise/training.	3	1
TEST_ALERT	RxNorm:26225	The specific wording of the alert text may differ among sites.	0	1
TEST_ALERT	RxNorm:26225	"Clinical pharmacist" could also be pharmacist, pharmacologist, or a clinician with pharmacogenetics expertise/training.	1	1
TEST_ALERT	RxNorm:10834	The specific wording of the alert text may differ among sites.	0	1
ALLELE_DEFINITION	CYP2C9	PharmVAR releases new alleles based on received submissions, see https://www.pharmvar.org for comprehensive haplotype definitions of CYP2C9 variant alleles, including sub-alleles, and updated allele information.	0	1
ALLELE_DEFINITION	CYP2C9	rsID=RefSNP accession ID number (http://www.ncbi.nlm.nih.gov/snp/)	1	1
ALLELE_DEFINITION	CYP2C9	All variants are annotated to the positive DNA strand.	2	1
ALLELE_DEFINITION	CYP2C9	An important caveat for all genotyping tests is that the decision to assign an allele a "wild-type" status is based upon a genotyping test that interrogates only the most common and already-proven sites of functional variation. In human DNA, it is always possible that a new, previously undiscovered (and therefore un-interrogated) site of variation may confer loss-of-function in an individual, and thus lead to the rare possibility of a non-functional allele being erroneously called as "wild-type."	3	1
ALLELE_DEFINITION	CYP2C9	Citations for assignment of function can be found at https://www.pharmgkb.org/page/cyp2c9RefMaterials	4	1
ALLELE_DEFINITION	CYP2C9	Content is accessed through the PharmVar API. HGVS and 'PharmVar-style' (accessible on the PharmVar website) positions may differ for indels in some instances which is most likely explained by differences in sequence alignments. Also, PharmVar displays single nucleotide insertions as 'ins' while the HGVS display is as duplications or 'dub' if the insertion is the same base as the prior base.	5	1
TEST_ALERT	RxNorm:10834	"Clinical pharmacist" could also be pharmacist, pharmacologist, or a clinician with pharmacogenetics expertise/training.	1	1
TEST_ALERT	RxNorm:3328	The specific wording of the alert text may differ among sites.	0	1
TEST_ALERT	RxNorm:3328	"Clinical pharmacist" could also be pharmacist, pharmacologist, or a clinician with pharmacogenetics expertise/training.	1	1
TEST_ALERT	RxNorm:41493	The specific wording of the alert text may differ among sites.	0	1
TEST_ALERT	RxNorm:41493	Pharmacist, pharmacologist, or a clinician with pharmacogenetic expertise/training.	1	1
TEST_ALERT	RxNorm:8687	"Clinical pharmacist" may be a pharmacist, pharmacologist, or a clinician with pharmacogenomics expertise/training.	1	1
TEST_ALERT	RxNorm:8687	The specific wording of the alert text may differ among sites.	2	1
TEST_ALERT	RxNorm:8687	"Clinical pharmacist" may be a pharmacist, pharmacologist, or a clinician with pharmacogenetics expertise/training.	3	1
TEST_ALERT	RxNorm:10635	The specific wording of the alert text may differ among sites.	0	1
TEST_ALERT	RxNorm:10635	"Clinical pharmacist" may be a pharmacist, pharmacologist, or a clinician with pharmacogenomics expertise/training.	1	1
TEST_ALERT	RxNorm:10635	The specific wording of the alert text may differ among sites.	2	1
TEST_ALERT	RxNorm:10635	"Clinical pharmacist" may be a pharmacist, pharmacologist, or a clinician with pharmacogenetics expertise/training.	3	1
ALLELE_FUNCTION_REFERENCE	CYP2B6	CYP2B6 functional metabolic effects may be substrate specific (and extrapolations to other substrates may not be reliable).	0	1
GENE_CDS	NUDT15	The phenotype is used to store an interpretation of the test result. This is a design decision that may differ among sites.	0	1
GENE_CDS	NUDT15	For this example, a priority result is defined as a genetic test result that results in a change in drug, drug dose, or drug monitoring.	1	1
GENE_CDS	NUDT15	The specific wording of the interpretive text may differ among sites.	2	1
FREQUENCY	NUDT15	For full references see "References" tab.	0	1
FREQUENCY	NUDT15	Average frequencies based on the reported frequencies in one or multiple studies.	1	1
FREQUENCY	NUDT15	Based on the PharmGKB biogeographical groups https://www.pharmgkb.org/page/biogeographicalGroups	2	1
FREQUENCY	NUDT15	See allele definition table (https://www.pharmgkb.org/page/nudt15RefMaterials) for allele definitions	3	1
FREQUENCY	NUDT15	Because NUDT15*1 is not genotyped directly, all alleles that are negative for a sequence variation are defaulted to a NUDT15*1 assignment. The inferred frequency for NUDT15*1 is calculated as: 1 - (sum of averaged variant allele frequencies).	4	1
TEST_ALERT	RxNorm:3638	The specific wording of the alert text may differ among sites.	0	1
TEST_ALERT	RxNorm:3638	"Clinical pharmacist" could also be pharmacist, pharmacologist, or a clinician with pharmacogenetics expertise/training.	1	1
TEST_ALERT	RxNorm:32624	The specific wording of the alert text may differ among sites.	0	1
TEST_ALERT	RxNorm:32624	"Clinical pharmacist" could also be pharmacist, pharmacologist, or a clinician with pharmacogenetics expertise/training.	1	1
TEST_ALERT	RxNorm:121243	The specific wording of the alert text may differ among sites.	0	1
TEST_ALERT	RxNorm:121243	"Clinical pharmacist" could also be pharmacist, pharmacologist, or a clinician with pharmacogenetics expertise/training.	1	1
TEST_ALERT	RxNorm:121243	The specific wording of the alert text may differ among sites.	2	1
ALLELE_DEFINITION	CYP2D6	The variants included in the alleles are based on the PharmVar core alleles (for core allele definitions only, see https://www.pharmvar.org/gene/CYP2D6). In addition, variants that present in the core allele for one star allele but also present in some but not all suballeles of another star allele are included in the other star allele as ambiguous changes using the IUPAC nucleotide code (https://www.bioinformatics.org/sms/iupac.html), e.g. the *4 consensus allele includes a "R" being either G or A (positive strand) at the 100C>T (P34S) position since this variant is part of other core star alleles, e.g. *10, but is not part of the *4 core allele at PharmVar since it is not present in all *4 suballeles. These postions are represented in grey (G) in the Comparative Allele ViewEr (CAVE) tool at PharmVar. The g.42129130C>G position is an exception. The SNP by itself causes a synonymous change, therefore by itself the SNP would not be part of a core allele based on the core allele definition. However, in *29 and *70 the SNP is needed for the amino acid change and therefore part of the *29 and *70 core allele definition in PharmVar. To follow the above, "S" is added at the position for star alleles in which not all suballeles carry the SNP. In case all suballeles have the SNP "G" is added.	0	1
ALLELE_DEFINITION	CYP2D6	At PharmVar, information about duplications and gene hybrids are available through https://www.pharmvar.org/gene-support/Variation_CYP2D6.pdf.	1	1
ALLELE_DEFINITION	CYP2D6	PharmVAR releases new alleles based on received submissions, see https://www.pharmvar.org for comprehensive haplotype definitions of CYP2D6 variant alleles, including sub-alleles, and updated allele information.	2	1
ALLELE_DEFINITION	CYP2D6	Amino acid changes are displayed per single variantion. However, in some alleles the 2 consecutive variants together cause a different amino acid change as each by itself. *29, *70: 1660G>A and 1662G>C result in V136I; *82: 1021A>T and 1022C>A result in T107Y; in exon 9 conversion: 4156C>T and 4157A>T result in H478S, 4168G>A and 4169C>G result in A482S	3	1
ALLELE_DEFINITION	CYP2D6	All variants are annotated to the positive DNA strand	4	1
ALLELE_DEFINITION	CYP2D6	rsID are RefSNP accession ID number (http://www.ncbi.nlm.nih.gov/snp/).	5	1
ALLELE_DEFINITION	CYP2D6	The CYP2D6*1 allele is characterized by the absence of any sequence variations. Consequently, this allele cannot be identified by a SNP; rather CYP2D6*1 is assigned by default when no SNPs are detected during testing.	6	1
ALLELE_DEFINITION	CYP2D6	The CYP2D6*2 allele is typically characterized by two amino acid changes; both, however also occur in many other CYP2D6 alleles. Therefore, if an allele carries these two SNPs exclusively, it is designated CYP2D6*2. Interrogating for additional SNPs is the only way to distinguish CYP2D6*2 from other alleles (e.g., CYP2D6*17 and *41).	7	1
ALLELE_DEFINITION	CYP2D6	4180G>C is present on many allelic variants including functional and non-functional variants. Specifically, it has been found on some CYP2D6*4 subvariants. While some tests include this SNP, it cannot be utilized to identify an allelic variant with certainty.	8	1
TEST_ALERT	RxNorm:121243	"Clinical pharmacist" could also be pharmacist, pharmacologist, or a clinician with pharmacogenetics expertise/training.	3	1
TEST_ALERT	RxNorm:3445	The specific wording of the alert text may differ among sites.	0	1
TEST_ALERT	RxNorm:3445	"Clinical pharmacist" may be a pharmacist, pharmacologist, or a clinician with pharmacogenomics expertise/training.	1	1
TEST_ALERT	RxNorm:3445	The specific wording of the alert text may differ among sites.	2	1
TEST_ALERT	RxNorm:3445	"Clinical pharmacist" may be a pharmacist, pharmacologist, or a clinician with pharmacogenetics expertise/training.	3	1
TEST_ALERT	RxNorm:103	The specific wording of the alert text may differ among sites.	0	1
TEST_ALERT	RxNorm:103	"Clinical pharmacist" could also be pharmacist, pharmacologist, or a clinician with pharmacogenetics expertise/training.	1	1
TEST_ALERT	RxNorm:9071	The specific wording of the alert text may differ among sites.	0	1
TEST_ALERT	RxNorm:9071	"Clinical pharmacist" may be a pharmacist, pharmacologist, or a clinician with pharmacogenomics expertise/training.	1	1
TEST_ALERT	RxNorm:9071	The specific wording of the alert text may differ among sites.	2	1
TEST_ALERT	RxNorm:9071	"Clinical pharmacist" may be a pharmacist, pharmacologist, or a clinician with pharmacogenetics expertise/training.	3	1
TEST_ALERT	RxNorm:10638	The specific wording of the alert text may differ among sites.	0	1
ALLELE_FUNCTION_REFERENCE	CYP2D6	CNV alleles are based on Table 2 'CYP2D6 Identical Gene Duplications/Multiplications' from the PharmVar CYP2D6 structural variation document (https://a.storyblok.com/f/70677/x/d80b535e9c/cyp2d6_structural-variation_v3-2.pdf).	0	1
GENE_CDS	RYR1	The phenotype is used to store an interpretation of the test result. This is a design decision that may differ among sites.	0	1
GENE_CDS	RYR1	For this example, a priority result is defined as a genetic test result that results in a change in drug, drug dose, or drug monitoring.	1	1
GENE_CDS	RYR1	The specific wording of the interpretive text may differ among sites.	2	1
FREQUENCY	RYR1	For full references see "References" tab.	0	1
TEST_ALERT	RxNorm:195085	The specific wording of the alert text may differ among sites.	0	1
TEST_ALERT	RxNorm:195085	"Clinical pharmacist" could also be pharmacist, pharmacologist, or a clinician with pharmacogenetics expertise/training.	1	1
TEST_ALERT	RxNorm:40790	The specific wording of the alert text may differ among sites.	0	1
TEST_ALERT	RxNorm:40790	"Clinical pharmacist" may be a pharmacist, pharmacologist, or a clinician with pharmacogenetics expertise/training.	1	1
TEST_ALERT	RxNorm:40790	The specific wording of the alert text may differ among sites.	2	1
TEST_ALERT	RxNorm:40790	"Clinical pharmacist" may be a pharmacist, pharmacologist, or a clinician with pharmacogenetics expertise/training.	3	1
TEST_ALERT	RxNorm:190521	The specific wording of the alert text may differ among sites.	0	1
TEST_ALERT	RxNorm:190521	"Clinical pharmacist" could also be pharmacist, pharmacologist, or a clinician with pharmacogenetics expertise/training.	1	1
TEST_ALERT	RxNorm:3639	The specific wording of the alert text may differ among sites.	0	1
TEST_ALERT	RxNorm:3639	"Clinical pharmacist" may be a pharmacist, pharmacologist, or a clinician with pharmacogenomics expertise/training.	1	1
TEST_ALERT	RxNorm:3639	The specific wording of the alert text may differ among sites.	2	1
TEST_ALERT	RxNorm:3639	"Clinical pharmacist" may be a pharmacist, pharmacologist, or a clinician with pharmacogenetics expertise/training.	3	1
TEST_ALERT	RxNorm:6878	The specific wording of the alert text may differ among sites.	0	1
ALLELE_DEFINITION	CYP2D6	An important caveat for all genotyping tests is that the decision to assign an allele a wild-type status is based upon a genotyping test that interrogates only the most common and already- proven sites of functional variation. It is always possible that a novel, previously undiscovered (and therefore un-interrogated) site of variation may confer loss-of-function in an individual, and thus lead to the rare possibility of a non-functional allele being erroneously called as wild-type.	9	1
ALLELE_DEFINITION	CYP2D6	Content is accessed through the PharmVar API. HGVS and 'PharmVar-style' (accessible on the PharmVar website) positions may differ for indels in some instances which is most likely explained by differences in sequence alignments. Also, PharmVar displays single nucleotide insertions as 'ins' while the HGVS display is as duplications or 'dup' if the insertion is the same base as the prior base. The entries in the 'Free Text' field in row 2 reflect the default variant names on the CYP2D6 PharmVar page (https://www.pharmvar.org/gene/CYP2D6). Additional variant coordinates are consistent with the content displayed on the upper section of the 'Variant Positions' window which can be accessed by clicking on the variant of interest on the CYP2D6 PharmVar page.	10	1
TEST_ALERT	RxNorm:6878	"Clinical pharmacist" may be a pharmacist, pharmacologist, or a clinician with pharmacogenomics expertise/training.	1	1
TEST_ALERT	RxNorm:283821	The specific wording of the alert text may differ among sites.	0	1
TEST_ALERT	RxNorm:283821	"Clinical pharmacist" may be a pharmacist, pharmacologist, or a clinician with pharmacogenomics expertise/training.	1	1
TEST_ALERT	RxNorm:10638	"Clinical pharmacist" may be a pharmacist, pharmacologist, or a clinician with pharmacogenomics expertise/training.	1	1
