id	phenotypeid	lookupkey	function1	function2	activityvalue1	activityvalue2	totalactivityscore	description
7473419	7473418	{"Decreased function": 2}	Decreased function	Decreased function	n/a	n/a	n/a	An individual carrying two decreased function alleles
7473422	7473421	{"Normal function": 1, "Decreased function": 1}	Normal function	Decreased function	n/a	n/a	n/a	An individual carrying one normal function allele and one decreased function allele
7473425	7473424	{"Normal function": 2}	Normal function	Normal function	n/a	n/a	n/a	An individual carrying two normal function alleles
7473428	7473427	{"Malignant Hyperthermia associated": 2}	Malignant Hyperthermia associated	Malignant Hyperthermia associated	n/a	n/a	n/a	An individual homozygous or compound heterozygous for a CACNA1S Malignant hyperthermia-causative variant as designated by the EMHG
7473432	7473427	{"Normal function": 1, "Malignant Hyperthermia associated": 1}	Malignant Hyperthermia associated	Normal function	n/a	n/a	n/a	An individual heterozygous for a CACNA1S Malignant hyperthermia-causative variant as designated by the EMHG
7473436	7473435	{"Normal function": 2}	Normal function	Normal function	n/a	n/a	n/a	An individual negative for a CACNA1S malignant hyperthermia–causative variant as designated by the EMHG
7473439	7473438	{"ivacaftor responsive": 2}	ivacaftor responsive	ivacaftor responsive	n/a	n/a	n/a	An individual homozygous or compound heterozygous for a CFTR variant listed in the FDA-approved drug label as being responsive to ivacaftor
7478796	7473438	{"ivacaftor responsive": 1, "ivacaftor non-responsive": 1}	ivacaftor responsive	ivacaftor non-responsive	n/a	n/a	n/a	An individual diagnosed with cystic fibrosis (CF) and heterozygous for a CFTR variant listed in the FDA-approved drug label as being responsive to ivacaftor
7478901	7478900	{"ivacaftor non-responsive": 2}	ivacaftor non-responsive	ivacaftor non-responsive	n/a	n/a	n/a	An individual diagnosed with cystic fibrosis (CF) and negative for a CFTR variant listed in the FDA-approved drug label as being responsive to ivacaftor
7478904	7478903	{"Increased function": 2}	Increased function	Increased function	n/a	n/a	n/a	An individual carrying two increased function alleles
7478907	7478906	{"Normal function": 1, "Increased function": 1}	Normal function	Increased function	n/a	n/a	n/a	An individual carrying one normal function allele and one increased function allele
7478915	7478914	{"Normal function": 2}	Normal function	Normal function	n/a	n/a	n/a	An individual carrying two normal function alleles
7478938	7478937	{"Normal function": 1, "Decreased function": 1}	Normal function	Decreased function	n/a	n/a	n/a	An individual carrying one normal function allele and one decreased function allele
7479029	7478937	{"No function": 1, "Normal function": 1}	Normal function	No function	n/a	n/a	n/a	An individual carrying one normal function allele and one no function allele
7479072	7478937	{"Decreased function": 1, "Increased function": 1}	Increased function	Decreased function	n/a	n/a	n/a	An individual carrying one increased function allele and one decreased function allele
7479088	7478937	{"No function": 1, "Increased function": 1}	Increased function	No function	n/a	n/a	n/a	An individual carrying one increased function allele and one no function allele
7479097	7479096	{"Decreased function": 2}	Decreased function	Decreased function	n/a	n/a	n/a	An individual carrying two decreased function alleles
7479218	7479096	{"No function": 1, "Decreased function": 1}	Decreased function	No function	n/a	n/a	n/a	An individual carrying one decreased function allele and one no function allele
7479324	7479096	{"No function": 2}	No function	No function	n/a	n/a	n/a	An individual carrying two no function alleles
7479354	7479353	{"Increased function": 1, "Uncertain function": 1}	Uncertain function	Increased function	n/a	n/a	n/a	An individual carrying one increased function allele and one uncertain function allele
7479374	7479353	{"Normal function": 1, "Uncertain function": 1}	Uncertain function	Normal function	n/a	n/a	n/a	An individual carrying one normal function allele and one uncertain function allele
7479489	7479353	{"Decreased function": 1, "Uncertain function": 1}	Uncertain function	Decreased function	n/a	n/a	n/a	An individual carrying one decreased function allele and one uncertain function allele
7479775	7479353	{"No function": 1, "Uncertain function": 1}	Uncertain function	No function	n/a	n/a	n/a	An individual carrying one no function allele and one uncertain function allele
7479909	7479353	{"Uncertain function": 2}	Uncertain function	Uncertain function	n/a	n/a	n/a	An individual carrying two uncertain function alleles
7480101	7480100	{"Increased function": 2}	Increased function	Increased function	n/a	n/a	n/a	An individual carrying two increased function alleles
7480104	7480103	{"Normal function": 1, "Increased function": 1}	Increased function	Normal function	n/a	n/a	n/a	An individual carrying one normal function allele and one increased function allele
7480113	7480112	{"Normal function": 2}	Normal function	Normal function	n/a	n/a	n/a	An individual carrying two normal function alleles
7480143	7480142	{"Normal function": 1, "Decreased function": 1}	Decreased function	Normal function	n/a	n/a	n/a	An individual carrying one normal function allele and one decreased function allele
7480186	7480142	{"Decreased function": 1, "Increased function": 1}	Decreased function	Increased function	n/a	n/a	n/a	An individual carrying one increased function allele and one decreased function allele
7480193	7480142	{"Decreased function": 2}	Decreased function	Decreased function	n/a	n/a	n/a	An individual carrying two decreased function alleles
7480216	7480215	{"No function": 1, "Normal function": 1}	Normal function	No function	n/a	n/a	n/a	An individual carrying one normal function allele and one no function allele
7480301	7480215	{"No function": 1, "Increased function": 1}	Increased function	No function	n/a	n/a	n/a	An individual carrying one increased function allele and one no function allele
7480315	7480314	{"No function": 1, "Decreased function": 1}	Decreased function	No function	n/a	n/a	n/a	An individual carrying one decreased function allele and one no function allele
7480389	7480388	{"No function": 2}	No function	No function	n/a	n/a	n/a	An individual carrying two no function alleles
7480469	7480468	{"Uncertain function": 2}	Uncertain function	Uncertain function	n/a	n/a	n/a	An individual carrying two uncertain function alleles
7521997	7521996	{"Increased function": 2}	Increased function	Increased function	n/a	n/a	n/a	An individual carrying two increased function alleles
7480525	7480468	{"Increased function": 1, "Uncertain function": 1}	Uncertain function	Increased function	n/a	n/a	n/a	An individual carrying one increased function allele and one uncertain function allele
7480536	7480468	{"Normal function": 1, "Uncertain function": 1}	Uncertain function	Normal function	n/a	n/a	n/a	An individual carrying one normal function allele and one uncertain function allele
7480607	7480468	{"Decreased function": 1, "Uncertain function": 1}	Uncertain function	Decreased function	n/a	n/a	n/a	An individual carrying one decreased function allele and one uncertain function allele
7480668	7480468	{"No function": 1, "Uncertain function": 1}	Uncertain function	No function	n/a	n/a	n/a	An individual carrying one no function allele and one uncertain function allele
7480790	7480789	{"1.0": 2}	Normal function	Normal function	1.0	1.0	2.0	An individual carrying two normal function alleles
7480795	7480794	{"0.5": 1, "1.0": 1}	Normal function	Decreased function	1.0	0.5	1.5	An individual carrying one normal function allele and one decreased function allele
7480839	7480838	{"0.0": 1, "1.0": 1}	Normal function	No function	1.0	0.0	1.0	An individual carrying one normal function allele and one no function allele
7480866	7480838	{"0.5": 2}	Decreased function	Decreased function	0.5	0.5	1.0	An individual carrying two decreased function alleles
7481099	7481098	{"0.0": 1, "0.5": 1}	Decreased function	No function	0.5	0.0	0.5	An individual carrying one decreased function allele and one no function allele
7481374	7481373	{"0.0": 2}	No function	No function	0.0	0.0	0.0	An individual carrying two no function alleles
7481467	7481466	{"1.0": 1, "n/a": 1}	Uncertain function	Normal function	n/a	1.0	n/a	An individual carrying one normal function allele and one uncertain function allele
7481546	7481466	{"0.5": 1, "n/a": 1}	Uncertain function	Decreased function	n/a	0.5	n/a	An individual carrying one decreased function allele and one uncertain function allele
7482366	7481466	{"0.0": 1, "n/a": 1}	Uncertain function	No function	n/a	0.0	n/a	An individual carrying one no function allele and one uncertain function allele
7482874	7481466	{"n/a": 2}	Uncertain function	Uncertain function	n/a	n/a	n/a	An individual carrying two uncertain function alleles
7483655	7481466	{"1.0": 1, "n/a": 1}	Unknown function	Normal function	n/a	1.0	n/a	An individual carrying one normal function allele and one unknown function allele
7483656	7481466	{"0.5": 1, "n/a": 1}	Unknown function	Decreased function	n/a	0.5	n/a	An individual carrying one decreased function allele and one unknown function allele
7483657	7481466	{"0.0": 1, "n/a": 1}	Unknown function	No function	n/a	0.0	n/a	An individual carrying one no function allele and one unknown function allele
7483658	7481466	{"n/a": 2}	Unknown function	Unknown function	n/a	n/a	n/a	An individual carrying two unknown function alleles
7483659	7481466	{"n/a": 2}	Uncertain function	Unknown function	n/a	n/a	n/a	An individual carrying one uncertain function allele and one unknown function allele
7483661	7483660	{"≥3.0": 2}	Increased function	Increased function	≥3.0	≥3.0	≥6.0	An individual carrying multiplications of normal function alleles
7483666	7483665	{"2.0": 1, "≥3.0": 1}	Increased function	Increased function	≥3.0	2.0	≥5.0	An individual carrying multiplications of normal function alleles
7483680	7483679	{"0.75": 1, "≥3.0": 1}	Increased function	Decreased function	≥3.0	0.75	≥3.75	An individual carrying one allele with multiplications of a normal function allele and one allele with three copies of a decreased function allele with an activity value of 0.25
7483684	7483683	{"1.0": 1, "≥3.0": 1}	Increased function	Normal function	≥3.0	1.0	≥4.0	An individual carrying one allele with multiplications of a normal function allele and one normal function allele or a duplication of a decreased function allele with an activity value of 0.5
7483718	7483717	{"0.5": 1, "≥3.0": 1}	Increased function	Decreased function	≥3.0	0.5	≥3.5	An individual carrying one allele with multiplications of a normal function allele and one decreased function allele with an activity value of 0.5 or a duplication of a decreased function allele with an activity value of 0.25
7483746	7483745	{"0.25": 1, "≥3.0": 1}	Increased function	Decreased function	≥3.0	0.25	≥3.25	An individual carrying one allele with multiplications of a normal function allele and one decreased function allele with an activity value of 0.25
7483770	7483769	{"0.0": 1, "≥3.0": 1}	Increased function	No function	≥3.0	0.0	≥3.0	An individual carrying one allele with multiplications of a normal function allele and one no function allele
7483868	7483867	{"2.0": 2}	Increased function	Increased function	2.0	2.0	4.0	An individual carrying two duplicated normal function alleles
7483891	7483890	{"2.0": 1, "0.75": 1}	Increased function	Decreased function	2.0	0.75	2.75	An individual carrying one duplicated normal function allele and one allele with three copies of a decreased function allele with an activity value of 0.25
7483899	7483898	{"1.0": 1, "2.0": 1}	Increased function	Normal function	2.0	1.0	3.0	An individual carrying one duplicated normal function allele and one normal function allele or a duplication of a decreased function allele with an activity value of 0.5
7483997	7483996	{"0.5": 1, "2.0": 1}	Increased function	Decreased function	2.0	0.5	2.5	An individual carrying one duplicated normal function allele and one decreased function allele with an activity value of 0.5 or a duplication of a decreased function allele with an activity value of 0.25
7484077	7484076	{"2.0": 1, "0.25": 1}	Increased function	Decreased function	2.0	0.25	2.25	An individual carrying one duplicated normal function allele and one decreased function allele with an activity value of 0.25
7484145	7484144	{"0.0": 1, "2.0": 1}	Increased function	No function	2.0	0.0	2.0	An individual carrying one duplicated normal function allele and one no function allele
7484435	7484434	{"0.75": 2}	Decreased function	Decreased function	0.75	0.75	1.5	An individual carrying two alleles with three copies of a decreased function allele with an activity value of 0.25
7484438	7484437	{"1.0": 1, "0.75": 1}	Decreased function	Normal function	0.75	1.0	1.75	An individual carrying one allele with three copies of a decreased function allele with an activity value of 0.25 and one normal function allele or a duplication of a decreased function allele with an activity value of 0.5
7484456	7484455	{"0.5": 1, "0.75": 1}	Decreased function	Decreased function	0.75	0.5	1.25	An individual carrying one allele with three copies of a decreased function allele with an activity value of 0.25 and one decreased function allele with an activity value of 0.5 or a duplication of a decreased function allele with an activity value of 0.25
7484471	7484470	{"0.25": 1, "0.75": 1}	Decreased function	Decreased function	0.75	0.25	1.0	An individual carrying one allele with three copies of a decreased function allele with an activity value of 0.25 and one decreased function allele with an activity value of 0.25
7484484	7484483	{"0.0": 1, "0.75": 1}	Decreased function	No function	0.75	0.0	0.75	An individual carrying one allele with three copies of a decreased function allele with an activity value of 0.25 and one no function allele
7484533	7484144	{"1.0": 2}	Normal function	Normal function	1.0	1.0	2.0	An individual carrying two normal function alleles or one normal function allele and a duplication of a decreased function allele with an activity value of 0.5 or two alleles with a duplication of a decreased function allele with an activity value of 0.5
7484670	7484434	{"0.5": 1, "1.0": 1}	Normal function	Decreased function	1.0	0.5	1.5	An individual carrying one normal function allele or a duplication of a decreased function allele with an activity value of 0.5 and one decreased function allele with an activity value of 0.5 or a duplication of a decreased function allele with an activity value of 0.25
7484879	7484455	{"1.0": 1, "0.25": 1}	Normal function	Decreased function	1.0	0.25	1.25	An individual carrying one normal function allele or a duplication of a decreased function allele with an activity value of 0.5 and one decreased function allele with an activity value of 0.25
7485056	7484470	{"0.0": 1, "1.0": 1}	Normal function	No function	1.0	0.0	1.0	An individual carrying one normal function allele or a duplication of a decreased function allele with an activity value of 0.5 and one no function allele
7485825	7484470	{"0.5": 2}	Decreased function	Decreased function	0.5	0.5	1.0	An individual carrying two decreased function alleles with an activity value of 0.5 or one decreased function allele with an activity value of 0.5 and a duplication of a decreased function allele with an activity value of 0.25 or two alleles with a duplication of an decreased function allele with an activity value of 0.25
7485917	7484483	{"0.5": 1, "0.25": 1}	Decreased function	Decreased function	0.5	0.25	0.75	An individual carrying one decreased function allele with an activity value of 0.5 or a duplication of a decreased function allele with an activity value of 0.25 and one decreased function allele with an activity value of 0.25
7486062	7486061	{"0.0": 1, "0.5": 1}	Decreased function	No function	0.5	0.0	0.5	An individual carrying one decreased function allele with an activity value of 0.5 or a duplication of a decreased function allele with an activity value of 0.25 and one no function allele
7486687	7486061	{"0.25": 2}	Decreased function	Decreased function	0.25	0.25	0.5	An individual carrying two decreased function alleles with an activity value of 0.25
7486755	7486754	{"0.0": 1, "0.25": 1}	Decreased function	No function	0.25	0.0	0.25	An individual carrying one decreased function allele with an activity value of 0.25 and one no function allele
7487285	7487284	{"0.0": 2}	No function	No function	0.0	0.0	0.0	An individual carrying two no function alleles
7488463	7488462	{"n/a": 1, "≥3.0": 1}	Uncertain function	Increased function	n/a	≥3.0	n/a	An individual carrying one allele with multiplications of a normal function allele and one uncertain or unknown function allele
7488636	7488462	{"2.0": 1, "n/a": 1}	Uncertain function	Increased function	n/a	2.0	n/a	An individual carrying one duplicated normal function allele and one uncertain or unknown function allele
7489153	7488462	{"n/a": 1, "0.75": 1}	Uncertain function	Decreased function	n/a	0.75	n/a	An individual carrying one allele with three copies of a decreased function allele with an activity value of 0.25 and one uncertain or unknown function allele
7489240	7488462	{"1.0": 1, "n/a": 1}	Uncertain function	Normal function	n/a	1.0	n/a	An individual carrying one normal function allele or a duplication of a decreased function allele with an activity value of 0.5 and one uncertain or unknown function allele
7490617	7488462	{"0.5": 1, "n/a": 1}	Uncertain function	Decreased function	n/a	0.5	n/a	An individual carrying one decreased function allele with an activity value of 0.5 or a duplication of a decreased function allele with an activity value of 0.25 and one uncertain or unknown function allele
7491736	7488462	{"n/a": 1, "0.25": 1}	Uncertain function	Decreased function	n/a	0.25	n/a	An individual carrying one decreased function allele with an activity value of 0.25 and one uncertain or unknown function allele
7492683	7488462	{"0.0": 1, "n/a": 1}	Uncertain function	No function	n/a	0.0	n/a	An individual carrying one no function allele and one uncertain function or unknown allele
7496812	7488462	{"n/a": 2}	Uncertain function	Uncertain function	n/a	n/a	n/a	An individual carrying two uncertain function alleles or two unknown function alleles or one unknown and one uncertain function allele
7500554	7488462	{"n/a": 1, "≥3.0": 1}	Unknown function	Increased function	n/a	≥3.0	n/a	An individual carrying one allele with multiplications of a normal function allele and one uncertain or unknown function allele
7500555	7488462	{"2.0": 1, "n/a": 1}	Unknown function	Increased function	n/a	2.0	n/a	An individual carrying one duplicated normal function allele and one uncertain or unknown function allele
7500556	7488462	{"n/a": 1, "0.75": 1}	Unknown function	Decreased function	n/a	0.75	n/a	An individual carrying one allele with three copies of a decreased function allele with an activity value of 0.25 and one uncertain or unknown function allele
7500557	7488462	{"1.0": 1, "n/a": 1}	Unknown function	Normal function	n/a	1.0	n/a	An individual carrying one normal function allele or a duplication of a decreased function allele with an activity value of 0.5 and one uncertain or unknown function allele
7500558	7488462	{"0.5": 1, "n/a": 1}	Unknown function	Decreased function	n/a	0.5	n/a	An individual carrying one decreased function allele with an activity value of 0.5 or a duplication of a decreased function allele with an activity value of 0.25 and one uncertain or unknown function allele
7500559	7488462	{"n/a": 1, "0.25": 1}	Unknown function	Decreased function	n/a	0.25	n/a	An individual carrying one decreased function allele with an activity value of 0.25 and one uncertain or unknown function allele
7500560	7488462	{"0.0": 1, "n/a": 1}	Unknown function	No function	n/a	0.0	n/a	An individual carrying one no function allele and one uncertain function or unknown allele
7500561	7488462	{"n/a": 2}	Unknown function	Unknown function	n/a	n/a	n/a	An individual carrying two uncertain function alleles or two unknown function alleles or one unknown and one uncertain function allele
7500562	7488462	{"n/a": 2}	Uncertain function	Unknown function	n/a	n/a	n/a	An individual carrying two uncertain function alleles or two unknown function alleles or one unknown and one uncertain function allele
7500564	7500563	{"Normal function": 2}	Normal function	Normal function	n/a	n/a	n/a	An individual carrying two normal function alleles
7500567	7500566	{"No function": 1, "Normal function": 1}	Normal function	No function	n/a	n/a	n/a	An individual carrying one normal function allele and one no function allele
7500572	7500571	{"No function": 2}	No function	No function	n/a	n/a	n/a	An individual carrying two no function alleles
7500580	7500579	{"Normal function": 1, "Unknown function": 1}	Unknown function	Normal function	n/a	n/a	n/a	An individual carrying one normal function allele and one unknown function allele
7500584	7500583	{"No function": 1, "Unknown function": 1}	Unknown function	No function	n/a	n/a	n/a	An individual carrying one unknown function allele and one no function allele
7500591	7500583	{"Unknown function": 2}	Unknown function	Unknown function	n/a	n/a	n/a	An individual carrying two unknown function alleles
7500596	7500595	{"1.0": 2}	Normal function	Normal function	1.0	1.0	2.0	An individual carrying two normal function alleles
7502194	7502193	{"0.5": 1, "1.0": 1}	Normal function	Decreased function	1.0	0.5	1.5	An individual carrying one normal function allele and one decreased function allele
7502588	7502587	{"0.0": 1, "1.0": 1}	Normal function	No function	1.0	0.0	1.0	An individual carrying one normal function allele and one no function allele
7503765	7502587	{"0.5": 2}	Decreased function	Decreased function	0.5	0.5	1.0	An individual carrying two decreased function alleles
7503795	7503794	{"0.0": 1, "0.5": 1}	Decreased function	No function	0.5	0.0	0.5	An individual carrying one decreased function allele and one no function allele
7503944	7503943	{"0.0": 2}	No function	No function	0.0	0.0	0.0	An individual carrying two no function alleles
7504177	7504176	{"IV/Normal": 1}	IV/Normal	N/A	n/a	n/a	n/a	A person with one X chromosome carrying a non-deficient (class IV) allele
7504184	7504183	{"III/Deficient": 1}	III/Deficient	N/A	n/a	n/a	n/a	A person with one X chromosome carrying a deficient (class III) allele
7504222	7504183	{"II/Deficient": 1}	II/Deficient	N/A	n/a	n/a	n/a	A person with one X chromosome carrying a deficient (class II) allele
7504277	7504276	{"I/Deficient with CNSHA": 1}	I/Deficient with CNSHA	N/A	n/a	n/a	n/a	A person with one X chromosome carrying a deficient (class I) allele
7504364	7504176	{"IV/Normal": 2}	IV/Normal	IV/Normal	n/a	n/a	n/a	A person carrying two non-deficient (class IV) alleles
7504381	7504380	{"IV/Normal": 1, "III/Deficient": 1}	IV/Normal	III/Deficient	n/a	n/a	n/a	A person carrying one non-deficient (class IV) allele and one deficient (class III) allele
7504567	7504380	{"IV/Normal": 1, "II/Deficient": 1}	IV/Normal	II/Deficient	n/a	n/a	n/a	A person carrying one non-deficient (class IV) allele and one deficient (class II) allele
7504833	7504380	{"IV/Normal": 1, "I/Deficient with CNSHA": 1}	IV/Normal	I/Deficient with CNSHA	n/a	n/a	n/a	A person carrying one non-deficient (class IV) allele and one deficient (class I) allele
7505264	7504183	{"III/Deficient": 2}	III/Deficient	III/Deficient	n/a	n/a	n/a	A person carrying two deficient (class III) alleles
7505968	7504183	{"II/Deficient": 1, "III/Deficient": 1}	III/Deficient	II/Deficient	n/a	n/a	n/a	A person carrying one deficient (class II) allele and one deficient (class III) allele
7507930	7504183	{"III/Deficient": 1, "I/Deficient with CNSHA": 1}	III/Deficient	I/Deficient with CNSHA	n/a	n/a	n/a	A person carrying one deficient (class I) allele and one deficient (class III) allele
7511113	7504183	{"II/Deficient": 2}	II/Deficient	II/Deficient	n/a	n/a	n/a	A person carrying two deficient (class II) alleles
7512545	7504183	{"II/Deficient": 1, "I/Deficient with CNSHA": 1}	II/Deficient	I/Deficient with CNSHA	n/a	n/a	n/a	A person carrying one deficient (class I) allele and one deficient (class II) allele
7517104	7504276	{"I/Deficient with CNSHA": 2}	I/Deficient with CNSHA	I/Deficient with CNSHA	n/a	n/a	n/a	A person carrying two deficient (class I) alleles
7520847	7520846	{"Uncertain function": 1}	Uncertain function	N/A	n/a	n/a	n/a	A person with one X chromosome carrying an uncertain function allele
7520854	7520846	{"IV/Normal": 1, "Uncertain function": 1}	IV/Normal	Uncertain function	n/a	n/a	n/a	A person carrying one non-deficient (class IV) allele and one uncertain function allele
7520885	7520846	{"III/Deficient": 1, "Uncertain function": 1}	III/Deficient	Uncertain function	n/a	n/a	n/a	A person carrying one deficient (class II) allele and one uncertain function allele
7521108	7520846	{"II/Deficient": 1, "Uncertain function": 1}	II/Deficient	Uncertain function	n/a	n/a	n/a	A person carrying one deficient (class III) allele and one uncertain function allele
7521427	7520846	{"Uncertain function": 1, "I/Deficient with CNSHA": 1}	I/Deficient with CNSHA	Uncertain function	n/a	n/a	n/a	A person carrying one deficient (class I) allele and one uncertain function allele
7521944	7520846	{"Uncertain function": 2}	Uncertain function	Uncertain function	n/a	n/a	n/a	A person carrying two uncertain function alleles
7521967	7521966	{"increased risk of aminoglycoside-induced hearing loss": 1}	increased risk of aminoglycoside-induced hearing loss	N/A	n/a	n/a	n/a	Individuals with a MT-RNR1 variant associated with an increased risk of aminoglycoside-induced hearing loss
7521972	7521971	{"normal risk of aminoglycoside-induced hearing loss": 1}	normal risk of aminoglycoside-induced hearing loss	N/A	n/a	n/a	n/a	Individuals with no detectable MT-RNR1 variant or a variant associated with normal risk of aminoglycoside-induced hearing loss
7521975	7521974	{"uncertain risk of aminoglycoside-induced hearing loss": 1}	uncertain risk of aminoglycoside-induced hearing loss	N/A	n/a	n/a	n/a	Individuals with a MT-RNR1 variant associated with an uncertain risk of aminoglycoside-induced hearing loss
7522002	7522001	{"Decreased function": 1, "Increased function": 1}	Increased function	Decreased function	n/a	n/a	n/a	An individual carrying one increased function allele and one decreased function allele
7522084	7522083	{"Decreased function": 2}	Decreased function	Decreased function	n/a	n/a	n/a	An individual carrying two decreased function alleles
7522906	7522905	{"Unknown function": 1, "Increased function": 1}	Increased function	Unknown function	n/a	n/a	n/a	An individual carrying one increased function allele and one unknown function allele
7522921	7522905	{"Increased function": 1, "Uncertain function": 1}	Increased function	Uncertain function	n/a	n/a	n/a	An individual carrying one increased function allele and one uncertain function allele
7522942	7522905	{"Unknown function": 1, "Decreased function": 1}	Decreased function	Unknown function	n/a	n/a	n/a	An individual carrying one decreased function allele and one uncknown function allele
7523223	7522905	{"Decreased function": 1, "Uncertain function": 1}	Decreased function	Uncertain function	n/a	n/a	n/a	An individual carrying one decreased function allele and one uncertain function allele
7523624	7522905	{"Unknown function": 2}	Unknown function	Unknown function	n/a	n/a	n/a	An individual carrying two unknown function alleles
7523653	7522905	{"Unknown function": 1, "Uncertain function": 1}	Unknown function	Uncertain function	n/a	n/a	n/a	An individual carrying one unknown function allele and one uncertain function allele
7523724	7522905	{"Uncertain function": 2}	Uncertain function	Uncertain function	n/a	n/a	n/a	An individual carrying two uncertain function alleles
7523781	7523780	{"Normal function": 2}	Normal function	Normal function	n/a	n/a	n/a	An individual carrying two normal function alleles
7523783	7523780	{"Normal function": 1, "Decreased function": 1}	Normal function	Decreased function	n/a	n/a	n/a	An individual carrying one normal function allele and one decreased function allele
7523787	7523786	{"No function": 1, "Normal function": 1}	Normal function	No function	n/a	n/a	n/a	An individual carrying one normal function allele and one no function allele
7523799	7523786	{"Decreased function": 2}	Decreased function	Decreased function	n/a	n/a	n/a	An individual carrying two decreased function alleles
7523804	7523803	{"No function": 1, "Uncertain function": 1}	Uncertain function	No function	n/a	n/a	n/a	An individual carrying one no function allele and one uncertain function allele
7523872	7523871	{"No function": 2}	No function	No function	n/a	n/a	n/a	An individual carrying two no function alleles
7523939	7523871	{"No function": 1, "Decreased function": 1}	No function	Decreased function	n/a	n/a	n/a	An individual carrying one no function allele and one decreased function allele
7523963	7523962	{"Normal function": 1, "Uncertain function": 1}	Uncertain function	Normal function	n/a	n/a	n/a	An individual carrying one normal function allele and one uncertain function allele
7523970	7523962	{"Decreased function": 1, "Uncertain function": 1}	Uncertain function	Decreased function	n/a	n/a	n/a	An individual carrying one decreased function allele and one uncertain function allele
7523983	7523962	{"Uncertain function": 2}	Uncertain function	Uncertain function	n/a	n/a	n/a	An individual carrying two uncertain function alleles
7524006	7524005	{"Normal function": 2}	Normal function	Normal function	n/a	n/a	n/a	An individual negative for a RYR1 variant classified as pathogenic or likely pathogenic by the ClinGen Malignant Hyperthermia Susceptibility Variant Curation Expert Panel.
7524503	7524005	{"Normal function": 1, "Uncertain function": 1}	Normal function	Uncertain function	n/a	n/a	n/a	An individual negative for a RYR1 variant classified as pathogenic or likely pathogenic by the ClinGen Malignant Hyperthermia Susceptibility Variant Curation Expert Panel.
7531324	7524005	{"Uncertain function": 2}	Uncertain function	Uncertain function	n/a	n/a	n/a	An individual negative for a RYR1 variant classified as pathogenic or likely pathogenic by the ClinGen Malignant Hyperthermia Susceptibility Variant Curation Expert Panel.
7555636	7555635	{"Malignant Hyperthermia associated": 2}	Malignant Hyperthermia associated	Malignant Hyperthermia associated	n/a	n/a	n/a	An individual homozygous or compound heterozygous for a RYR1 variant(s) classified as pathogenic or likely pathogenic by the ClinGen Malignant Hyperthermia Susceptibility Variant Curation Expert Panel. Individuals who have biallelic (homozygous or compound heterozygous) pathogenic variants in RYR1 generally will have autosomal recessive myopathies and should be managed according to the standard of care for those disorders.
7559642	7555635	{"Normal function": 1, "Malignant Hyperthermia associated": 1}	Malignant Hyperthermia associated	Normal function	n/a	n/a	n/a	An individual heterozygous for a RYR1 variant classified as pathogenic or likely pathogenic by the ClinGen Malignant Hyperthermia Susceptibility Variant Curation Expert Panel.
7562402	7555635	{"Uncertain function": 1, "Malignant Hyperthermia associated": 1}	Malignant Hyperthermia associated	Uncertain function	n/a	n/a	n/a	An individual heterozygous for a RYR1 variant classified as pathogenic or likely pathogenic by the ClinGen Malignant Hyperthermia Susceptibility Variant Curation Expert Panel.
7581984	7581983	{"Increased function": 2}	Increased function	Increased function	n/a	n/a	n/a	An individual carrying two increased function alleles
7581989	7581988	{"No function": 1, "Increased function": 1}	Increased function	No function	n/a	n/a	n/a	An individual carrying one no function allele and one increased function allele
7582013	7582012	{"Normal function": 1, "Increased function": 1}	Increased function	Normal function	n/a	n/a	n/a	An individual carrying one normal function allele and one increased function allele
7582019	7582018	{"Increased function": 1, "Uncertain function": 1}	Increased function	Uncertain function	n/a	n/a	n/a	An individual carrying one increased function allele and one uncertain function allele
7582062	7582018	{"Unknown function": 1, "Increased function": 1}	Increased function	Unknown function	n/a	n/a	n/a	An individual carrying one increased function allele and one unknown function allele
7582068	7582067	{"No function": 2}	No function	No function	n/a	n/a	n/a	An individual carrying two no function alleles
7582135	7581988	{"No function": 1, "Normal function": 1}	Normal function	No function	n/a	n/a	n/a	An individual carrying one normal function allele and one no function allele
7582158	7582012	{"Normal function": 2}	Normal function	Normal function	n/a	n/a	n/a	An individual carrying two normal function alleles
7582163	7582162	{"No function": 1, "Uncertain function": 1}	Uncertain function	No function	n/a	n/a	n/a	An individual carrying one no function allele and one uncertain function allele
7582395	7582018	{"Normal function": 1, "Uncertain function": 1}	Uncertain function	Normal function	n/a	n/a	n/a	An individual carrying one normal function allele and one uncertain function allele
7582438	7582018	{"Uncertain function": 2}	Uncertain function	Uncertain function	n/a	n/a	n/a	An individual carrying two uncertain function alleles
7582670	7582162	{"No function": 1, "Unknown function": 1}	Unknown function	No function	n/a	n/a	n/a	An individual carrying one no function allele and one unknown function allele
7582693	7582018	{"Normal function": 1, "Unknown function": 1}	Unknown function	Normal function	n/a	n/a	n/a	An individual carrying one normal function allele and one unknown function allele
7582698	7582018	{"Unknown function": 1, "Uncertain function": 1}	Unknown function	Uncertain function	n/a	n/a	n/a	An individual carrying one unknown and one uncertain function alleles
7582741	7582018	{"Unknown function": 2}	Unknown function	Unknown function	n/a	n/a	n/a	An individual carrying two unknown function alleles
7582746	7582745	{"Normal function": 2}	Normal function	Normal function	n/a	n/a	n/a	An individual carrying two normal function alleles
7582748	7582745	{"Normal function": 1, "Decreased function": 1}	Normal function	Decreased function	n/a	n/a	n/a	An individual carrying one normal function allele and one decreased function allele
7582751	7582750	{"No function": 1, "Normal function": 1}	Normal function	No function	n/a	n/a	n/a	An individual carrying one normal function allele and one no function allele
7582790	7582750	{"Decreased function": 2}	Decreased function	Decreased function	n/a	n/a	n/a	An individual carrying two decreasedl function alleles
7582793	7582792	{"No function": 1, "Uncertain function": 1}	Uncertain function	No function	n/a	n/a	n/a	An individual carrying one no function allele and one uncertain function allele
7583060	7582792	{"No function": 1, "Unknown function": 1}	Unknown function	No function	n/a	n/a	n/a	An individual carrying one no function allele and one unknown function allele
7583137	7582792	{"No function": 1, "Decreased function": 1}	No function	Decreased function	n/a	n/a	n/a	An individual carrying one no function allele and one decreased function allele
7583177	7583176	{"No function": 2}	No function	No function	n/a	n/a	n/a	An individual carrying two no function alleles
7583920	7583919	{"Normal function": 1, "Uncertain function": 1}	Uncertain function	Normal function	n/a	n/a	n/a	An individual carrying one normal function allele and one uncertain function allele
7583928	7583919	{"Decreased function": 1, "Uncertain function": 1}	Uncertain function	Decreased function	n/a	n/a	n/a	An individual carrying one decreased function allele and one uncertain function allele
7583936	7583919	{"Uncertain function": 2}	Uncertain function	Uncertain function	n/a	n/a	n/a	An individual carrying two uncertain function alleles
7583965	7583919	{"Normal function": 1, "Unknown function": 1}	Unknown function	Normal function	n/a	n/a	n/a	An individual carrying one normal function allele and one unknown function allele
7583968	7583919	{"Unknown function": 1, "Decreased function": 1}	Unknown function	Decreased function	n/a	n/a	n/a	An individual carrying one decreased function allele and one unknown function allele
7583971	7583919	{"Unknown function": 2}	Unknown function	Unknown function	n/a	n/a	n/a	An individual carrying two unknown function alleles
7583975	7583919	{"Unknown function": 1, "Uncertain function": 1}	Unknown function	Uncertain function	n/a	n/a	n/a	An individual carrying one uncertain function allele and one unknown function allele
7583991	7583990	{"Increased function": 2}	Increased function	Increased function	n/a	n/a	n/a	An individual carrying two increased function alleles
7583993	7583990	{"Normal function": 1, "Increased function": 1}	Increased function	Normal function	n/a	n/a	n/a	An individual carrying one normal function allele and one increased function allele
7583995	7583990	{"Normal function": 2}	Normal function	Normal function	n/a	n/a	n/a	An individual carrying two normal function alleles
7583998	7583997	{"Decreased function": 1, "Increased function": 1}	Increased function	Decreased function	n/a	n/a	n/a	An individual carrying one increased function allele and one decreased function allele
7584005	7583997	{"Normal function": 1, "Decreased function": 1}	Normal function	Decreased function	n/a	n/a	n/a	An individual carrying one normal function allele and one decreased function allele
7584013	7584012	{"Decreased function": 2}	Decreased function	Decreased function	n/a	n/a	n/a	An individual carrying two decreased function alleles
7584036	7584035	{"Unknown function": 1, "Increased function": 1}	Unknown function	Increased function	n/a	n/a	n/a	An individual carrying one increased function allele and one unknown function allele
7584038	7584035	{"Normal function": 1, "Unknown function": 1}	Unknown function	Normal function	n/a	n/a	n/a	An individual carrying one normal function allele and one unknown function allele
7584040	7584035	{"Unknown function": 1, "Decreased function": 1}	Unknown function	Decreased function	n/a	n/a	n/a	An individual carrying one decreased function allele and one unknown function allele
7584047	7584035	{"Unknown function": 2}	Unknown function	Unknown function	n/a	n/a	n/a	An individual carrying two unknown function alleles
7584050	7584049	{"*31:01 negative": 1}	\N	\N	\N	\N	\N	\N
7584053	7584052	{"*31:01 positive": 1}	\N	\N	\N	\N	\N	\N
7584056	7584055	{"*15:02 negative": 1}	\N	\N	\N	\N	\N	\N
7584059	7584058	{"*15:02 positive": 1}	\N	\N	\N	\N	\N	\N
7584062	7584061	{"*57:01 negative": 1}	\N	\N	\N	\N	\N	\N
7584065	7584064	{"*57:01 positive": 1}	\N	\N	\N	\N	\N	\N
7584068	7584067	{"*58:01 negative": 1}	\N	\N	\N	\N	\N	\N
7584071	7584070	{"*58:01 positive": 1}	\N	\N	\N	\N	\N	\N
