pairid	genesymbol	drugid	guidelineid	usedforrecommendation	version	cpiclevel	pgkbcalevel	pgxtesting	citations	removed	removeddate	removedreason
110081	CYP2D6	RxNorm:704	100414	t	80	A	1A	Actionable PGx	{23486447,27997040}	f	\N	\N
110082	UGT1A1	RxNorm:343047	100429	t	79	A	1A	\N	{26417955}	f	\N	\N
110083	CYP2D6	RxNorm:38400	104243	t	79	A	1A	Actionable PGx	{30801677}	f	\N	\N
110088	HLA-B	RxNorm:2002	100423	t	81	A	1A	Testing Required	{23695185,29392710}	f	\N	\N
110089	CYP2C9	RxNorm:140587	110058	t	79	A	1A	Actionable PGx	{32189324}	f	\N	\N
110090	CYP2C19	RxNorm:2556	100413	t	79	A	1A	Actionable PGx	{25974703,37032427}	f	\N	\N
110103	CACNA1S	RxNorm:5095	100427	t	79	A	1A	\N	{30499100}	f	\N	\N
110117	CYP2D6	RxNorm:7531	100414	t	79	A	1A	Actionable PGx	{23486447,27997040}	f	\N	\N
110143	NUDT15	RxNorm:10485	100428	t	80	A	3	Testing Recommended	{21270794,23422873,30447069}	f	\N	\N
110180	CYP2C19	RxNorm:2597	100414	t	78	B	1A	\N	{23486447,27997040}	f	\N	\N
110252	CYP2D6	RxNorm:1876905	\N	f	78	B/C	\N	Actionable PGx	\N	f	\N	\N
110295	CYP2D6	RxNorm:77492	\N	f	78	B/C	\N	Actionable PGx	\N	f	\N	\N
2452901	G6PD	RxNorm:7833	2405438	t	50	C	\N	\N	{36049896}	f	\N	\N
110247	SLC6A4	RxNorm:2556	100413	f	80	C	4	\N	{37032427}	f	\N	\N
110333	CYP2C19	RxNorm:283742	110076	f	78	C	3	Actionable PGx	{32770672}	f	\N	\N
110061	CYP2C8	RxNorm:5640	110058	f	81	C	3	\N	{32189324}	f	\N	\N
418197	CYP2D6	RxNorm:6813	100416	f	68	C	3	\N	{33387367}	f	\N	\N
110206	G6PD	RxNorm:7517	2405438	t	79	C	\N	Actionable PGx	{36049896}	f	\N	\N
110392	COMT	ATC:N06AB	\N	f	77	C	3	\N	\N	t	2020-09-14	Cleanup by Kelly Caudle
3122379	HTR2A	RxNorm:36437	100413	f	39	C	4	\N	{37032427}	f	\N	\N
110219	G6PD	RxNorm:10171	2405438	t	79	C	\N	Actionable PGx	{36049896}	f	\N	\N
110414	CYP2A7P1	RxNorm:53654	\N	f	77	C/D	\N	\N	\N	t	2020-09-14	Cleanup by Kelly Caudle
110442	FDPS	ATC:M05BA	\N	f	77	D	3	\N	\N	t	2020-09-14	Cleanup by Kelly Caudle
110452	EGF	RxNorm:318341	\N	f	78	D	3	\N	\N	f	\N	\N
110453	FCGR3A	RxNorm:318341	\N	f	77	D	3	\N	\N	t	2020-09-14	Cleanup by Kelly Caudle
110484	CRHR1	RxNorm:284635	\N	f	77	D	\N	\N	\N	f	\N	\N
110500	NAT1	RxNorm:6058	\N	f	77	D	\N	\N	\N	t	2020-09-14	Cleanup by Kelly Caudle
110521	XRCC1	RxNorm:1311280	\N	f	77	D	\N	\N	\N	t	2020-09-14	Cleanup by Kelly Caudle
110547	TCF7L2	MeSH:D013449	\N	f	77	D	\N	\N	\N	t	2020-09-14	Cleanup by Kelly Caudle
110158	NAT2	RxNorm:5470	6478852	t	80	A	3	Actionable PGx	\N	f	\N	\N
110168	CYP2D6	RxNorm:1455099	100413	t	79	A	1A	Actionable PGx	{37032427}	f	\N	\N
110149	CYP4F2	RxNorm:11289	100425	t	78	A	1A	\N	{21900891,28198005}	f	\N	\N
110150	VKORC1	RxNorm:11289	100425	t	78	A	1A	Actionable PGx	{21900891,28198005}	f	\N	\N
110152	MT-RNR1	ATC:J01G	\N	f	78	A/B	1B	\N	\N	t	2020-09-14	Cleanup by Kelly Caudle
110169	CYP2C9	RxNorm:154	\N	f	78	B	1B	\N	\N	f	\N	\N
110181	CYP2D6	RxNorm:2597	100414	t	79	B	1A	Actionable PGx	{23486447,27997040}	f	\N	\N
110314	G6PD	RxNorm:2393	2405438	t	79	C	4	Actionable PGx	{36049896}	f	\N	\N
110257	SLC28A3	RxNorm:3639	\N	f	78	B/C	\N	\N	\N	f	\N	\N
110259	SLCO1B1	RxNorm:2049846	\N	f	79	B/C	\N	Actionable PGx	\N	f	\N	\N
110266	CYP2D6	RxNorm:73178	\N	f	78	B/C	3	Actionable PGx	\N	f	\N	\N
110267	CYP2D6	RxNorm:6185	\N	f	78	B/C	\N	\N	\N	f	\N	\N
110268	HLA-DRB1	RxNorm:480167	\N	f	79	B/C	3	Actionable PGx	\N	f	\N	\N
110270	G6PD	RxNorm:6387	\N	f	78	B/C	\N	\N	\N	f	\N	\N
110271	MTHFR	RxNorm:1025342	\N	f	78	B/C	3	\N	\N	f	\N	\N
110273	CYP2D6	RxNorm:6676	\N	f	78	B/C	\N	Actionable PGx	\N	f	\N	\N
110278	CYP2D6	RxNorm:1300786	\N	f	79	B/C	\N	Actionable PGx	\N	f	\N	\N
110176	SLCO1B1	RxNorm:596723	\N	f	78	B	2A	\N	\N	t	2020-09-14	Cleanup by Kelly Caudle
469134	CYP2B6	RxNorm:42347	\N	f	67	B/C	2A	\N	\N	f	\N	\N
110272	CYP2D6	RxNorm:28863	\N	f	78	B/C	\N	Actionable PGx	\N	f	\N	\N
110326	CYP2C9	RxNorm:3355	110058	f	77	C	3	\N	{32189324}	f	\N	\N
3122081	CYP2C19	RxNorm:72625	100413	f	37	C	\N	\N	{37032427}	f	\N	\N
3122091	CYP2C19	RxNorm:4493	100413	f	37	C	\N	\N	{37032427}	f	\N	\N
2777631	CYP3A5	RxNorm:41127	100426	f	43	C	\N	\N	\N	f	\N	\N
110345	MC4R	RxNorm:5093	\N	f	79	C	3	\N	\N	f	\N	\N
110086	DPYD	RxNorm:194000	100419	t	106	A	1A	Testing Recommended	{23988873,29152729}	f	\N	\N
110087	HLA-A	RxNorm:2002	100423	t	79	A	1A	Actionable PGx	{23695185,29392710}	f	\N	\N
110093	CACNA1S	RxNorm:27340	100427	t	79	A	1A	Actionable PGx	{30499100}	f	\N	\N
1556301	SLCO1B1	RxNorm:41127	100426	t	59	A	1A	\N	{35152405}	f	\N	\N
110113	NUDT15	RxNorm:103	100428	t	82	A	1A	Testing Recommended	{21270794,23422873,30447069}	f	\N	\N
3004620	MT-RNR1	RxNorm:7337	826283	t	50	A	1A	\N	{34032273}	f	\N	\N
826284	MT-RNR1	RxNorm:7934	826283	t	61	A	\N	\N	{34032273}	f	\N	\N
3004621	MT-RNR1	RxNorm:NA	826283	t	50	A	1A	\N	{34032273}	f	\N	\N
110151	MT-RNR1	RxNorm:641	826283	t	93	A	1A	Actionable PGx	{34032273}	f	\N	\N
1556299	SLCO1B1	RxNorm:83367	100426	t	70	A	1A	\N	{35152405}	f	\N	\N
110078	HLA-B	RxNorm:190521	100421	t	81	A	1A	Testing Required	{24561393,22378157}	f	\N	\N
110079	HLA-B	RxNorm:519	100422	t	82	A	1A	Testing Recommended	{23232549,26094938}	f	\N	\N
110080	CYP2C19	RxNorm:704	100414	t	79	A	1A	\N	{23486447,27997040}	f	\N	\N
110084	NUDT15	RxNorm:1256	100428	t	81	A	1A	Testing Recommended	{21270794,23422873,30447069}	f	\N	\N
110085	TPMT	RxNorm:1256	100428	t	81	A	1A	Testing Recommended	{21270794,23422873,30447069}	f	\N	\N
110092	CYP2D6	RxNorm:2670	100416	t	79	A	1A	Actionable PGx	{22205192,24458010,33387367}	f	\N	\N
110095	CYP2B6	RxNorm:195085	104245	t	80	A	1A	Actionable PGx	{31006110}	f	\N	\N
1556302	CYP2C9	RxNorm:41127	100426	t	59	A	1A	\N	{35152405}	f	\N	\N
110114	TPMT	RxNorm:103	100428	t	80	A	1A	Testing Recommended	{21270794,23422873,30447069}	f	\N	\N
110128	HLA-B	RxNorm:8183	100412	t	78	A	1A	Actionable PGx	{25099164,32779747}	f	\N	\N
110138	RYR1	RxNorm:10154	100427	t	78	A	1A	Actionable PGx	{30499100}	f	\N	\N
110139	CYP3A5	RxNorm:42316	100418	t	91	A	1A	\N	{25801146}	f	\N	\N
110144	TPMT	RxNorm:10485	100428	t	81	A	3	Testing Recommended	{21270794,23422873,30447069}	f	\N	\N
110147	CYP2C19	RxNorm:121243	100410	t	79	A	1A	Actionable PGx	{27981572}	f	\N	\N
110186	CYP2C19	RxNorm:3638	100414	t	79	B	1A	Actionable PGx	{23486447,27997040}	f	\N	\N
110189	CYP2D6	RxNorm:42355	100413	t	78	B	1A	Actionable PGx	{25974703,37032427}	f	\N	\N
110194	CYP2C19	RxNorm:5691	100414	t	78	B	1A	\N	{23486447,27997040}	f	\N	\N
110291	UGT1A1	RxNorm:719872	\N	f	79	B/C	\N	Informative PGx	\N	f	\N	\N
110154	G6PD	RxNorm:1191	2405438	t	79	C	3	\N	{36049896}	f	\N	\N
418187	COMT	RxNorm:2670	100416	f	67	C	\N	\N	{33387367}	f	\N	\N
418198	COMT	RxNorm:6813	100416	f	69	C	3	\N	{33387367}	f	\N	\N
110213	G6PD	RxNorm:9071	2405438	t	79	C	\N	Actionable PGx	{36049896}	f	\N	\N
110098	CYP2C19	RxNorm:321988	100413	t	80	A	1A	Actionable PGx	{25974703,37032427}	f	\N	\N
110099	DPYD	RxNorm:4492	100419	t	80	A	1A	Actionable PGx	{23988873,29152729}	f	\N	\N
110391	SLCO1B1	RxNorm:301542	100426	t	80	A	1A	Actionable PGx	{35152405}	f	\N	\N
110276	CYP2D6	RxNorm:6918	5290480	t	91	B	\N	\N	{38951961}	f	\N	\N
3122142	CYP2D6	RxNorm:2556	100413	f	38	C	3	Informative PGx	{37032427}	f	\N	\N
110102	HLA-B	RxNorm:72236	100412	t	79	A	\N	Actionable PGx	{25099164,32779747}	f	\N	\N
110157	MT-RNR1	ATC:D06AX07	826283	t	93	A	1A	Actionable PGx	{34032273}	f	\N	\N
110104	RYR1	RxNorm:5095	100427	t	79	A	1A	\N	{30499100}	f	\N	\N
110063	CYP2C9	RxNorm:5640	110058	t	82	A	1A	\N	{32189324}	f	\N	\N
110106	UGT1A1	RxNorm:51499	\N	f	91	A	1A	Testing Recommended	\N	f	\N	\N
110107	CACNA1S	RxNorm:6026	100427	t	79	A	1A	Actionable PGx	{30499100}	f	\N	\N
110108	RYR1	RxNorm:6026	100427	t	79	A	1A	Actionable PGx	{30499100}	f	\N	\N
110109	CFTR	RxNorm:1243041	100409	t	81	A	1A	Testing Required	{24598717}	f	\N	\N
110159	MT-RNR1	RxNorm:6099	826283	t	83	A	1A	\N	{34032273}	f	\N	\N
110110	CYP2C19	RxNorm:17128	110076	t	88	A	1A	\N	{32770672}	f	\N	\N
110065	CYP2C9	RxNorm:20890	110058	t	81	A	1A	\N	{32189324}	f	\N	\N
110067	CYP2C9	RxNorm:41493	110058	t	82	A	1A	Actionable PGx	{32189324}	f	\N	\N
110115	CACNA1S	RxNorm:6857	100427	t	78	A	1A	\N	{30499100}	f	\N	\N
110116	RYR1	RxNorm:6857	100427	t	78	A	1A	\N	{30499100}	f	\N	\N
110201	G6PD	RxNorm:6878	2405438	t	78	A	3	Actionable PGx	{36049896}	f	\N	\N
3004619	MT-RNR1	RxNorm:7299	826283	t	52	A	3	\N	{34032273}	f	\N	\N
110205	G6PD	RxNorm:7454	2405438	t	78	A	3	Actionable PGx	{36049896}	f	\N	\N
110118	CYP2C19	RxNorm:7646	110076	t	79	A	1A	Actionable PGx	{32770672}	f	\N	\N
110119	CYP2D6	RxNorm:26225	100417	t	79	A	1A	Informative PGx	{28002639}	f	\N	\N
110120	HLA-B	RxNorm:32624	100423	t	80	A	1A	Testing Recommended	{29392710}	f	\N	\N
110121	CYP2C19	RxNorm:40790	110076	t	78	A	1A	Actionable PGx	{32770672}	f	\N	\N
110122	CYP2D6	RxNorm:32937	100413	t	88	A	1A	\N	{25974703,37032427}	f	\N	\N
110123	IFNL3	RxNorm:120608	100424	t	78	A	1A	\N	{24096968}	f	\N	\N
110124	IFNL4	RxNorm:120608	100424	f	78	A	1A	\N	\N	f	\N	\N
110125	IFNL3	RxNorm:253453	100424	t	79	A	1A	Actionable PGx	{24096968}	f	\N	\N
110126	IFNL4	RxNorm:253453	100424	f	78	A	1A	\N	\N	f	\N	\N
110207	G6PD	RxNorm:1011650	2405438	t	80	A	3	Testing Required	{36049896}	f	\N	\N
110127	CYP2C9	RxNorm:8183	100412	t	78	A	1A	Actionable PGx	{25099164,32779747}	f	\N	\N
110071	CYP2C9	RxNorm:8356	110058	t	82	A	1A	Actionable PGx	{32189324}	f	\N	\N
1556298	SLCO1B1	RxNorm:861634	100426	t	59	A	1A	\N	{35152405}	f	\N	\N
110130	CYP2D6	RxNorm:2197878	\N	f	78	A	\N	Actionable PGx	\N	f	\N	\N
826285	MT-RNR1	RxNorm:2049549	826283	t	71	A	\N	Actionable PGx	{34032273}	f	\N	\N
110381	SLCO1B1	RxNorm:42463	100426	t	81	A	1A	\N	{35152405}	f	\N	\N
110211	G6PD	RxNorm:8687	2405438	t	80	A	3	Testing Required	{36049896}	f	\N	\N
110131	G6PD	RxNorm:283821	2405438	t	80	A	1A	Testing Required	{24787449,36049896}	f	\N	\N
110132	IFNL3	RxNorm:9344	100424	t	78	A	1A	\N	{24096968}	t	2020-09-14	Cleanup by Kelly Caudle
110215	ABCG2	RxNorm:301542	100426	t	80	A	1A	\N	{35152405}	f	\N	\N
110216	CYP2C19	RxNorm:36437	100413	t	78	A	1A	\N	{25974703,37032427}	f	\N	\N
110133	CACNA1S	RxNorm:36453	100427	t	78	A	1A	Actionable PGx	{30499100}	f	\N	\N
110134	RYR1	RxNorm:36453	100427	t	78	A	1A	Actionable PGx	{30499100}	f	\N	\N
110135	SLCO1B1	RxNorm:36567	100426	t	90	A	1A	\N	{22617227,24918167,35152405}	f	\N	\N
110136	CYP2C9	RxNorm:2121085	\N	f	81	A	1A	Testing Required	\N	f	\N	\N
110162	MT-RNR1	RxNorm:10109	826283	t	93	A	1A	Actionable PGx	{34032273}	f	\N	\N
110137	CACNA1S	RxNorm:10154	100427	t	78	A	1A	Actionable PGx	{30499100}	f	\N	\N
110140	G6PD	RxNorm:2054023	2405438	t	80	A	\N	Testing Required	{36049896}	f	\N	\N
110141	CYP2D6	RxNorm:10324	100415	t	79	A	1A	Actionable PGx	{29385237}	f	\N	\N
110072	CYP2C9	RxNorm:37790	110058	t	80	A	1A	\N	{32189324}	f	\N	\N
110164	MT-RNR1	RxNorm:10627	826283	t	93	A	1A	Actionable PGx	{34032273}	f	\N	\N
2452949	G6PD	RxNorm:10638	2405438	t	50	A	\N	\N	{36049896}	f	\N	\N
110145	CYP2D6	RxNorm:10689	100416	t	79	A	1A	Actionable PGx	{33387367}	f	\N	\N
110146	CYP2D6	RxNorm:27392	100417	t	78	A	1A	\N	{28002639}	f	\N	\N
110148	CYP2C9	RxNorm:11289	100425	t	78	A	1A	Actionable PGx	{21900891,28198005}	f	\N	\N
110091	CYP2C19	RxNorm:32968	100411	t	80	A	1A	Actionable PGx	{21716271,23698643,35034351}	f	\N	\N
110182	G6PD	RxNorm:3108	2405438	t	80	A	4	Actionable PGx	{36049896}	f	\N	\N
110094	RYR1	RxNorm:27340	100427	t	79	A	1A	Actionable PGx	{30499100}	f	\N	\N
3004618	MT-RNR1	RxNorm:3328	826283	t	50	A	1A	\N	{34032273}	f	\N	\N
110096	CACNA1S	RxNorm:3920	100427	t	80	A	1A	Actionable PGx	{30499100}	f	\N	\N
110097	RYR1	RxNorm:3920	100427	t	80	A	1A	Actionable PGx	{30499100}	f	\N	\N
110100	CYP2C9	RxNorm:4502	110058	t	79	A	1A	Actionable PGx	{32189324}	f	\N	\N
110101	CYP2C9	RxNorm:72236	100412	t	80	A	\N	Actionable PGx	{25099164,32779747}	f	\N	\N
1556300	SLCO1B1	RxNorm:6472	100426	t	59	A	1A	\N	{35152405}	f	\N	\N
110170	CYP4F2	RxNorm:154	\N	f	79	B	2A	\N	\N	f	\N	\N
110171	CYP2D6	RxNorm:89013	\N	f	79	B	1A	Actionable PGx	\N	f	\N	\N
110173	CYP2C19	RxNorm:1739745	\N	f	79	B	3	Actionable PGx	\N	f	\N	\N
110174	SCN1A	RxNorm:2002	\N	f	78	B	2B	\N	\N	f	\N	\N
110172	UGT1A1	RxNorm:1543543	\N	f	78	B	\N	Actionable PGx	\N	f	\N	\N
110175	NAGS	RxNorm:401713	\N	f	81	B	\N	Testing Required	\N	f	\N	\N
110183	CYP2D6	RxNorm:3247	100414	t	79	B	1A	Actionable PGx	{23486447,27997040}	f	\N	\N
110184	CYP2C19	RxNorm:816346	110076	t	79	B	1A	Actionable PGx	{32770672}	f	\N	\N
110187	CYP2D6	RxNorm:3638	100414	t	79	B	1A	Actionable PGx	{23486447,27997040}	f	\N	\N
110188	G6PD	RxNorm:4053	\N	f	78	B	\N	\N	\N	t	2020-09-14	Cleanup by Kelly Caudle
110193	CYP2D6	RxNorm:5489	100416	t	79	B	1A	\N	{33387367}	f	\N	\N
110195	CYP2D6	RxNorm:5691	100414	t	79	B	1A	Actionable PGx	{23486447,27997040}	f	\N	\N
110196	G6PD	RxNorm:82122	\N	f	78	B	\N	\N	\N	t	2020-09-14	Cleanup by Kelly Caudle
110198	G6PD	RxNorm:6694	\N	f	78	B	3	\N	\N	t	2020-09-14	Cleanup by Kelly Caudle
110203	HPRT1	RxNorm:7145	\N	f	94	B	\N	Actionable PGx	\N	f	\N	\N
110209	CYP4F2	RxNorm:8150	\N	f	79	B	3	\N	\N	f	\N	\N
110210	SCN1A	RxNorm:8183	\N	f	78	B	3	\N	\N	f	\N	\N
110214	CYP2D6	RxNorm:35636	\N	f	80	B	1A	Informative PGx	\N	f	\N	\N
3122076	CYP2B6	RxNorm:36437	100413	t	39	B	1A	\N	{37032427}	f	\N	\N
110223	CYP2C19	RxNorm:10834	100414	t	78	B	1A	\N	{23486447,27997040}	f	\N	\N
110224	CYP2D6	RxNorm:10834	100414	t	79	B	1A	Actionable PGx	{23486447,27997040}	f	\N	\N
110225	ABL2	RxNorm:11118	\N	f	78	B	\N	\N	\N	f	\N	\N
110165	POLG	RxNorm:11118	\N	f	80	A/B	3	Testing Required	\N	f	\N	\N
110226	ASL	RxNorm:11118	\N	f	78	B	\N	\N	\N	f	\N	\N
110227	ASS1	RxNorm:11118	\N	f	78	B	\N	\N	\N	f	\N	\N
110228	CPS1	RxNorm:11118	\N	f	78	B	\N	\N	\N	f	\N	\N
110229	NAGS	RxNorm:11118	\N	f	78	B	\N	\N	\N	f	\N	\N
110230	OTC	RxNorm:11118	\N	f	78	B	\N	Actionable PGx	\N	f	\N	\N
110167	CYP2D6	RxNorm:39786	100413	t	80	B	1A	Actionable PGx	{37032427}	f	\N	\N
110231	HLA-A	RxNorm:519	\N	f	78	B/C	2B	\N	\N	f	\N	\N
110232	NAT2	RxNorm:2106338	\N	f	78	B/C	\N	Actionable PGx	\N	f	\N	\N
110233	NAT2	RxNorm:2106337	\N	f	78	B/C	\N	Actionable PGx	\N	f	\N	\N
110234	CYP2D6	RxNorm:722	\N	f	79	B/C	\N	Actionable PGx	\N	f	\N	\N
110235	CYP2D6	RxNorm:725	\N	f	78	B/C	\N	Informative PGx	\N	f	\N	\N
110236	CYP2D6	RxNorm:1673265	\N	f	78	B/C	\N	Actionable PGx	\N	f	\N	\N
110239	CYP2C9	RxNorm:2045726	\N	f	89	B/C	\N	\N	\N	f	\N	\N
110240	CYP2D6	RxNorm:1658314	\N	f	78	B/C	\N	Actionable PGx	\N	f	\N	\N
110241	ADRB1	Drugbank:DB12752	\N	f	80	B/C	3	\N	\N	f	\N	\N
110242	CYP2C19	RxNorm:2101	\N	f	79	B/C	4	Actionable PGx	\N	f	\N	\N
110246	CYP2D6	RxNorm:44281	\N	f	78	B/C	\N	Actionable PGx	\N	f	\N	\N
110248	CYP2C19	RxNorm:21241	\N	f	79	B/C	3	Actionable PGx	\N	f	\N	\N
110249	CYP2D6	RxNorm:2626	\N	f	78	B/C	\N	Actionable PGx	\N	f	\N	\N
110251	SLC28A3	RxNorm:3109	\N	f	78	B/C	\N	\N	\N	f	\N	\N
110253	CYP2D6	RxNorm:3289	\N	f	78	B/C	3	\N	\N	f	\N	\N
110254	CYP2C19	RxNorm:3322	\N	f	79	B/C	3	Actionable PGx	\N	f	\N	\N
110255	UGT1A1	RxNorm:1433868	\N	f	79	B/C	\N	Actionable PGx	\N	f	\N	\N
110256	CYP2D6	RxNorm:135447	\N	f	79	B/C	3	Actionable PGx	\N	f	\N	\N
110258	CYP2C9	RxNorm:224925	\N	f	78	B/C	\N	Actionable PGx	\N	f	\N	\N
110260	CYP2C9	RxNorm:2123125	\N	f	78	B/C	\N	Actionable PGx	\N	f	\N	\N
110262	CYP2D6	RxNorm:4441	\N	f	79	B/C	1A	\N	\N	f	\N	\N
110263	CYP2D6	RxNorm:328134	\N	f	78	B/C	3	Actionable PGx	\N	f	\N	\N
110264	CYP2D6	RxNorm:5093	\N	f	79	B/C	1A	\N	\N	f	\N	\N
110269	CYP2C9	RxNorm:1731031	\N	f	78	B/C	\N	Actionable PGx	\N	f	\N	\N
110274	CYP2D6	RxNorm:6915	\N	f	78	B/C	\N	Actionable PGx	\N	f	\N	\N
110279	CYP2D6	RxNorm:15996	\N	f	79	B/C	2A	\N	\N	f	\N	\N
110280	BCHE	RxNorm:30077	\N	f	106	B/C	\N	Actionable PGx	\N	f	\N	\N
110282	CYP2B6	RxNorm:53654	\N	f	79	B/C	2A	\N	\N	f	\N	\N
110283	UGT1A1	RxNorm:662281	\N	f	79	B/C	3	Actionable PGx	\N	f	\N	\N
110284	HLA-B	RxNorm:714438	\N	f	79	B/C	\N	Actionable PGx	\N	f	\N	\N
110285	UGT1A1	RxNorm:714438	\N	f	79	B/C	3	Actionable PGx	\N	f	\N	\N
110286	CYP2D6	RxNorm:8076	\N	f	79	B/C	\N	Actionable PGx	\N	f	\N	\N
110287	NAT2	RxNorm:8700	\N	f	89	B/C	\N	Actionable PGx	\N	f	\N	\N
110290	CYP2D6	RxNorm:8886	\N	f	79	B/C	\N	Actionable PGx	\N	f	\N	\N
110292	BCHE	RxNorm:10154	\N	f	78	B/C	3	Actionable PGx	\N	f	\N	\N
110293	NAT2	RxNorm:10831	\N	f	80	B/C	3	Actionable PGx	\N	f	\N	\N
110294	NAT2	RxNorm:9524	\N	f	79	B/C	\N	Actionable PGx	\N	f	\N	\N
110296	CYP2D6	RxNorm:10502	\N	f	78	B/C	3	Actionable PGx	\N	f	\N	\N
110297	CYP2D6	RxNorm:10600	\N	f	78	B/C	3	\N	\N	f	\N	\N
110298	CYP2D6	RxNorm:1918219	\N	f	78	B/C	\N	Actionable PGx	\N	f	\N	\N
110299	CYP2D6	RxNorm:114176	\N	f	79	B/C	1A	\N	\N	f	\N	\N
110062	CYP2C9	RxNorm:16689	110058	f	80	C	\N	\N	{32189324}	f	\N	\N
110301	TNF	RxNorm:327361	\N	f	78	C	\N	\N	\N	f	\N	\N
418183	COMT	RxNorm:480	100416	f	67	C	\N	\N	{33387367}	f	\N	\N
110302	OPRM1	RxNorm:480	100416	f	80	C	3	\N	{33387367}	f	\N	\N
110200	CYP2B6	RxNorm:6813	5290481	f	81	C	2A	\N	{38863207}	f	\N	\N
110153	ABCB1	ATC:N06A	\N	f	78	A/B	3	\N	\N	t	2020-09-14	Cleanup by Kelly Caudle
110155	POLG	RxNorm:266856	\N	f	80	A/B	\N	Testing Required	\N	f	\N	\N
110156	CYP2D6	RxNorm:1547220	\N	f	80	A/B	\N	Testing Required	\N	f	\N	\N
110160	CYP2D6	RxNorm:2392230	\N	f	78	A/B	\N	Actionable PGx	\N	f	\N	\N
110161	CYP2D6	RxNorm:8331	\N	f	82	A/B	\N	Testing Required	\N	f	\N	\N
110163	CYP2D6	RxNorm:10390	\N	f	80	A/B	\N	Testing Required	\N	f	\N	\N
110166	GBA	RxNorm:901805	\N	f	81	A/B	\N	Testing Required	\N	f	\N	\N
2777623	CYP3A4	RxNorm:83367	100426	f	58	C	3	\N	\N	f	\N	\N
2777630	CYP3A5	RxNorm:83367	100426	f	58	C	3	\N	\N	f	\N	\N
2777770	HMGCR	RxNorm:83367	100426	f	58	C	3	\N	\N	f	\N	\N
418185	COMT	RxNorm:1819	100416	f	68	C	3	\N	{33387367}	f	\N	\N
418186	OPRM1	RxNorm:1819	100416	f	68	C	3	\N	{33387367}	f	\N	\N
110311	MTHFR	RxNorm:194000	\N	f	78	C	3	\N	\N	t	2020-09-14	Cleanup by Kelly Caudle
110312	HLA-B	RxNorm:2020	\N	f	79	C	3	\N	\N	f	\N	\N
110313	MTHFR	RxNorm:40048	\N	f	78	C	3	\N	\N	f	\N	\N
110177	G6PD	RxNorm:2348	2405438	t	78	C	3	\N	{36049896}	f	\N	\N
110178	G6PD	RxNorm:2404	2405438	f	78	C	\N	Actionable PGx	{36049896}	f	\N	\N
110179	G6PD	RxNorm:2551	2405438	t	79	C	3	\N	{36049896}	f	\N	\N
110317	HTR2A	RxNorm:2556	100413	f	79	C	3	\N	{37032427}	f	\N	\N
110315	COMT	RxNorm:2556	\N	f	78	C	\N	\N	\N	f	\N	\N
110316	GRIK4	RxNorm:2556	\N	f	78	C	\N	\N	\N	f	\N	\N
110318	CES1	RxNorm:32968	\N	f	78	C	2B	\N	\N	f	\N	\N
110319	HTR2C	RxNorm:2626	\N	f	77	C	3	\N	\N	f	\N	\N
110320	MC4R	RxNorm:2626	\N	f	78	C	3	\N	\N	f	\N	\N
418188	OPRM1	RxNorm:2670	100416	f	68	C	3	\N	{33387367}	f	\N	\N
110321	MTHFR	RxNorm:3002	\N	f	77	C	\N	\N	\N	t	2020-09-14	Cleanup by Kelly Caudle
110250	G6PD	RxNorm:1424911	2405438	f	78	C	\N	Actionable PGx	{36049896}	f	\N	\N
110323	HLA-B	RxNorm:3108	\N	f	77	C	2A	\N	\N	f	\N	\N
110322	CYP3A5	RxNorm:3008	\N	f	78	C	3	\N	\N	f	\N	\N
110324	CYP2D6	RxNorm:136198	\N	f	78	C	\N	Actionable PGx	\N	f	\N	\N
3122371	HTR2A	RxNorm:734064	100413	f	37	C	\N	\N	{37032427}	f	\N	\N
3122500	SLC6A4	RxNorm:734064	100413	f	37	C	\N	\N	{37032427}	f	\N	\N
110059	CYP2C8	RxNorm:3355	110058	f	80	C	3	\N	{32189324}	f	\N	\N
110327	ABCB1	RxNorm:3407	\N	f	77	C	3	\N	\N	f	\N	\N
110185	G6PD	RxNorm:3445	2405438	t	78	C	3	\N	{36049896}	f	\N	\N
110328	CYP2D6	RxNorm:68091	\N	f	78	C	4	\N	\N	f	\N	\N
2452910	G6PD	RxNorm:3639	2405438	t	50	C	\N	\N	{36049896}	f	\N	\N
110329	CYP2D6	RxNorm:72625	100413	f	78	C	\N	Actionable PGx	{37032427}	f	\N	\N
3122372	HTR2A	RxNorm:72625	100413	f	37	C	\N	\N	{37032427}	f	\N	\N
3122501	SLC6A4	RxNorm:72625	100413	f	37	C	\N	\N	{37032427}	f	\N	\N
110330	F5	RxNorm:711942	\N	f	77	C	\N	Actionable PGx	\N	f	\N	\N
3122155	CYP2D6	RxNorm:321988	100413	f	38	C	3	\N	{37032427}	f	\N	\N
3122373	HTR2A	RxNorm:321988	100413	f	37	C	3	\N	{37032427}	f	\N	\N
110261	SLC6A4	RxNorm:321988	100413	f	80	C	4	\N	{37032427}	f	\N	\N
110331	COMT	RxNorm:321988	\N	f	77	C	\N	\N	\N	f	\N	\N
110332	GRIK4	RxNorm:321988	\N	f	77	C	\N	\N	\N	f	\N	\N
110334	TNF	RxNorm:214555	\N	f	77	C	2B	\N	\N	f	\N	\N
418189	COMT	RxNorm:4337	100416	f	68	C	3	\N	{33387367}	f	\N	\N
110336	OPRM1	RxNorm:4337	100416	f	79	C	3	\N	{33387367}	f	\N	\N
110339	CYP2C9	RxNorm:1665509	\N	f	78	C	\N	Actionable PGx	\N	f	\N	\N
110335	ABCB1	RxNorm:4337	\N	f	78	C	3	\N	\N	f	\N	\N
110340	CYP2D6	RxNorm:1665509	\N	f	78	C	\N	Actionable PGx	\N	f	\N	\N
110337	CYP2D6	RxNorm:797195	\N	f	78	C	\N	Actionable PGx	\N	f	\N	\N
110338	CYP2C19	RxNorm:1665509	\N	f	77	C	\N	Actionable PGx	\N	f	\N	\N
110341	MTHFR	RxNorm:4492	\N	f	77	C	3	\N	\N	t	2020-09-14	Cleanup by Kelly Caudle
3122503	SLC6A4	RxNorm:4493	100413	f	37	C	3	\N	{37032427}	f	\N	\N
110342	CYP2D6	RxNorm:4493	100413	f	87	C	3	Actionable PGx	{37032427}	f	\N	\N
3122374	HTR2A	RxNorm:4493	100413	f	38	C	4	\N	{37032427}	f	\N	\N
110343	GRIK4	RxNorm:4493	\N	f	77	C	\N	\N	\N	f	\N	\N
2777624	CYP3A4	RxNorm:41127	100426	f	58	C	3	\N	\N	f	\N	\N
2777771	HMGCR	RxNorm:41127	100426	f	58	C	3	\N	\N	f	\N	\N
3122092	CYP2C19	RxNorm:42355	100413	f	37	C	\N	\N	{37032427}	f	\N	\N
3122375	HTR2A	RxNorm:42355	100413	f	38	C	4	\N	{37032427}	f	\N	\N
3122504	SLC6A4	RxNorm:42355	100413	f	37	C	3	\N	{37032427}	f	\N	\N
2452913	G6PD	RxNorm:4816	2405438	f	50	C	\N	\N	{36049896}	f	\N	\N
2452912	G6PD	RxNorm:4601	2405438	t	50	C	\N	\N	{36049896}	f	\N	\N
110344	CYP2D6	RxNorm:4637	\N	f	78	C	3	Informative PGx	\N	f	\N	\N
110191	G6PD	RxNorm:25789	2405438	f	78	C	\N	Actionable PGx	\N	f	\N	\N
110192	G6PD	RxNorm:4821	2405438	f	78	C	\N	Actionable PGx	{36049896}	f	\N	\N
110190	G6PD	RxNorm:4815	2405438	t	78	C	3	Actionable PGx	{36049896}	f	\N	\N
110346	F5	ATC:G03A	\N	f	79	C	1A	\N	\N	f	\N	\N
418191	COMT	RxNorm:5489	100416	f	67	C	\N	\N	{33387367}	f	\N	\N
418192	OPRM1	RxNorm:5489	100416	f	68	C	3	\N	{33387367}	f	\N	\N
418193	COMT	RxNorm:3423	100416	f	67	C	\N	\N	{33387367}	f	\N	\N
418194	OPRM1	RxNorm:3423	100416	f	67	C	\N	\N	{33387367}	f	\N	\N
110265	G6PD	RxNorm:5521	2405438	t	78	C	\N	Actionable PGx	{36049896}	f	\N	\N
110303	HLA-C	RxNorm:519	\N	f	78	C	2B	\N	\N	f	\N	\N
110304	MC4R	RxNorm:46303	\N	f	80	C	3	\N	\N	f	\N	\N
110305	MC4R	ATC:N05A	\N	f	78	C	2B	\N	\N	t	2020-09-14	Cleanup by Kelly Caudle
110306	MC4R	RxNorm:89013	\N	f	80	C	3	\N	\N	f	\N	\N
110060	CYP2C9	RxNorm:1191	110058	f	80	C	\N	\N	{32189324}	f	\N	\N
110308	HLA-DPB1	RxNorm:1191	\N	f	78	C	2B	\N	\N	f	\N	\N
110309	CFTR	MeSH:C515878	\N	f	79	C	3	\N	\N	f	\N	\N
110310	CYP3A5	RxNorm:343047	\N	f	78	C	3	\N	\N	t	2020-09-14	Cleanup by Kelly Caudle
3122505	SLC6A4	RxNorm:1433212	100413	f	37	C	\N	\N	{37032427}	f	\N	\N
2777625	CYP3A4	RxNorm:6472	100426	f	43	C	\N	\N	\N	f	\N	\N
2777632	CYP3A5	RxNorm:6472	100426	f	58	C	3	\N	\N	f	\N	\N
2777772	HMGCR	RxNorm:6472	100426	f	58	C	3	\N	\N	f	\N	\N
110066	CYP2C9	ATC:M01AH06	110058	f	79	C	\N	\N	{32189324}	f	\N	\N
110197	G6PD	RxNorm:6572	2405438	t	79	C	\N	Actionable PGx	{36049896}	f	\N	\N
2452922	G6PD	RxNorm:9061	2405438	f	50	C	\N	\N	{36049896}	f	\N	\N
110199	G6PD	RxNorm:52582	2405438	f	78	C	\N	\N	{36049896}	f	\N	\N
110068	CYP2C9	RxNorm:3523	\N	f	79	C	\N	\N	\N	t	2020-09-14	Cleanup by Kelly Caudle
110355	OPRM1	RxNorm:6813	100416	f	79	C	3	\N	{33387367}	f	\N	\N
110356	HLA-B	RxNorm:6826	\N	f	77	C	2A	\N	\N	f	\N	\N
110357	HLA-C	RxNorm:6826	\N	f	78	C	2B	\N	\N	f	\N	\N
110358	HLA-B	RxNorm:6835	\N	f	78	C	3	\N	\N	f	\N	\N
110359	ABCB1	RxNorm:6851	\N	f	78	C	3	\N	\N	f	\N	\N
110360	MTHFR	RxNorm:6851	\N	f	77	C	2A	\N	\N	f	\N	\N
110361	SLCO1B1	RxNorm:6851	\N	f	78	C	3	\N	\N	f	\N	\N
110362	CYP2D6	RxNorm:6901	\N	f	78	C	3	\N	\N	f	\N	\N
3122377	HTR2A	RxNorm:588250	100413	f	37	C	\N	\N	{37032427}	f	\N	\N
3122506	SLC6A4	RxNorm:588250	100413	f	37	C	\N	\N	{37032427}	f	\N	\N
110363	CYP2D6	RxNorm:30125	\N	f	78	C	\N	Actionable PGx	\N	f	\N	\N
418200	COMT	RxNorm:7052	100416	f	69	C	3	\N	{33387367}	f	\N	\N
110364	OPRM1	RxNorm:7052	100416	f	79	C	3	\N	{33387367}	f	\N	\N
110202	G6PD	RxNorm:139462	2405438	f	78	C	\N	\N	{36049896}	f	\N	\N
110069	CYP2C9	RxNorm:31448	110058	f	79	C	\N	\N	{32189324}	f	\N	\N
110204	G6PD	RxNorm:7240	2405438	t	78	C	\N	Actionable PGx	{36049896}	f	\N	\N
110366	OPRM1	RxNorm:7242	\N	f	77	C	3	\N	\N	f	\N	\N
418202	COMT	RxNorm:7243	100416	f	67	C	\N	\N	{33387367}	f	\N	\N
110367	OPRM1	RxNorm:7243	100416	f	80	C	4	\N	{33387367}	f	\N	\N
110070	CYP2C9	RxNorm:7258	110058	f	80	C	3	\N	{32189324}	f	\N	\N
110369	ABCB1	RxNorm:53654	\N	f	78	C	3	\N	\N	f	\N	\N
110370	HLA-B	RxNorm:53654	\N	f	78	C	3	\N	\N	f	\N	\N
110371	HLA-DRB1	RxNorm:53654	\N	f	77	C	2B	\N	\N	f	\N	\N
2452927	G6PD	RxNorm:31748	2405438	f	50	C	\N	\N	{36049896}	f	\N	\N
2452928	G6PD	RxNorm:7455	2405438	f	50	C	\N	\N	{36049896}	f	\N	\N
2452931	G6PD	RxNorm:7623	2405438	t	50	C	\N	\N	{36049896}	f	\N	\N
110372	CYP2D6	RxNorm:61381	\N	f	77	C	3	\N	\N	t	2020-09-14	Cleanup by Kelly Caudle
110373	HTR2C	RxNorm:61381	\N	f	77	C	3	\N	\N	f	\N	\N
110374	MC4R	RxNorm:61381	\N	f	78	C	3	\N	\N	f	\N	\N
110375	MTHFR	RxNorm:32592	\N	f	77	C	3	\N	\N	t	2020-09-14	Cleanup by Kelly Caudle
110376	HLA-A	RxNorm:32624	100423	f	78	C	3	\N	{29392710}	f	\N	\N
418205	COMT	RxNorm:7804	100416	f	69	C	3	\N	{33387367}	f	\N	\N
110377	CYP2D6	RxNorm:7804	100416	f	79	C	2A	\N	{33387367}	f	\N	\N
418206	OPRM1	RxNorm:7804	100416	f	68	C	3	\N	{33387367}	f	\N	\N
110378	MC4R	RxNorm:679314	\N	f	79	C	3	\N	\N	f	\N	\N
110379	CYP2D6	RxNorm:70561	\N	f	78	C	\N	Informative PGx	\N	f	\N	\N
3122097	CYP2C19	RxNorm:32937	100413	f	37	C	\N	\N	{37032427}	f	\N	\N
3122378	HTR2A	RxNorm:32937	100413	f	37	C	3	\N	{37032427}	f	\N	\N
3122507	SLC6A4	RxNorm:32937	100413	f	37	C	3	\N	{37032427}	f	\N	\N
110380	GRIK4	RxNorm:32937	\N	f	77	C	\N	\N	\N	f	\N	\N
110208	G6PD	RxNorm:8120	2405438	t	78	C	3	\N	{36049896}	f	\N	\N
2946944	CYP3A4	RxNorm:861634	100426	f	40	C	\N	\N	\N	f	\N	\N
2946952	CYP3A5	RxNorm:861634	100426	f	40	C	\N	\N	\N	f	\N	\N
2947093	HMGCR	RxNorm:861634	100426	f	40	C	\N	\N	\N	f	\N	\N
2777620	CYP3A4	RxNorm:42463	100426	f	43	C	\N	\N	\N	f	\N	\N
110382	HLA-B	RxNorm:8794	\N	f	79	C	3	\N	\N	f	\N	\N
2777627	CYP3A5	RxNorm:42463	100426	f	43	C	\N	\N	\N	f	\N	\N
110212	G6PD	RxNorm:8698	2405438	f	79	C	\N	Actionable PGx	{36049896}	f	\N	\N
110383	MC4R	RxNorm:51272	\N	f	79	C	3	\N	\N	f	\N	\N
110384	CYP2D6	RxNorm:9068	\N	f	87	C	\N	\N	\N	f	\N	\N
110385	CYP2D6	RxNorm:9071	\N	f	78	C	\N	Actionable PGx	\N	f	\N	\N
110386	CYP2C19	RxNorm:114979	110076	f	78	C	2A	Actionable PGx	{32770672}	f	\N	\N
418207	COMT	RxNorm:73032	100416	f	69	C	3	\N	{33387367}	f	\N	\N
418208	OPRM1	RxNorm:73032	100416	f	68	C	3	\N	{33387367}	f	\N	\N
110387	DRD2	RxNorm:35636	\N	f	77	C	3	\N	\N	f	\N	\N
110388	HTR2C	RxNorm:35636	\N	f	77	C	3	\N	\N	f	\N	\N
110389	MC4R	RxNorm:35636	\N	f	79	C	3	\N	\N	f	\N	\N
110390	CYP2C8	RxNorm:84108	\N	f	77	C	3	\N	\N	f	\N	\N
2777622	CYP3A4	RxNorm:301542	100426	f	43	C	\N	\N	\N	f	\N	\N
2777629	CYP3A5	RxNorm:301542	100426	f	58	C	3	\N	\N	f	\N	\N
2777769	HMGCR	RxNorm:301542	100426	f	43	C	\N	\N	\N	f	\N	\N
110393	CYP2D6	RxNorm:36437	100413	f	79	C	3	\N	{37032427}	f	\N	\N
110394	GRIK4	RxNorm:36437	\N	f	77	C	\N	\N	\N	f	\N	\N
110064	CYP2C9	RxNorm:5781	110058	f	80	C	3	\N	{32189324}	f	\N	\N
110349	TNF	RxNorm:191831	\N	f	77	C	3	\N	\N	f	\N	\N
110350	NAT2	RxNorm:6038	\N	f	78	C	1B	\N	\N	f	\N	\N
110351	HLA-DQA1	RxNorm:480167	\N	f	79	C	3	Actionable PGx	\N	f	\N	\N
110352	MTHFR	RxNorm:6313	\N	f	77	C	3	\N	\N	t	2020-09-14	Cleanup by Kelly Caudle
418195	COMT	RxNorm:236913	100416	f	67	C	\N	\N	{33387367}	f	\N	\N
418196	OPRM1	RxNorm:236913	100416	f	67	C	\N	\N	{33387367}	f	\N	\N
3122376	HTR2A	RxNorm:1433212	100413	f	37	C	\N	\N	{37032427}	f	\N	\N
110218	G6PD	RxNorm:10169	2405438	f	78	C	\N	\N	{36049896}	f	\N	\N
2452941	G6PD	RxNorm:10178	2405438	t	50	C	\N	\N	{36049896}	f	\N	\N
110220	G6PD	RxNorm:10831	2405438	t	80	C	4	Actionable PGx	{36049896}	f	\N	\N
2452943	G6PD	RxNorm:10184	2405438	t	50	C	\N	\N	{36049896}	f	\N	\N
110221	G6PD	RxNorm:9524	2405438	t	79	C	3	Actionable PGx	{36049896}	f	\N	\N
110222	G6PD	RxNorm:10207	2405438	t	78	C	\N	\N	{36049896}	f	\N	\N
110397	CYP3A4	RxNorm:42316	\N	f	93	C	2A	\N	\N	f	\N	\N
110398	DPYD	RxNorm:4582	100419	f	79	C	1A	\N	{23988873,29152729}	f	\N	\N
110399	CYP2D6	RxNorm:37801	\N	f	87	C	\N	\N	\N	f	\N	\N
110400	CYP2D6	RxNorm:69120	\N	f	77	C	\N	Informative PGx	\N	t	2020-09-14	Cleanup by Kelly Caudle
2452947	G6PD	RxNorm:10633	2405438	f	81	C	\N	Actionable PGx	{36049896}	f	\N	\N
2452948	G6PD	RxNorm:10635	2405438	t	81	C	\N	Actionable PGx	{36049896}	f	\N	\N
110401	CYP2D6	RxNorm:119565	\N	f	79	C	3	Actionable PGx	\N	f	\N	\N
418211	COMT	RxNorm:10689	100416	f	69	C	3	\N	{33387367}	f	\N	\N
110402	OPRM1	RxNorm:10689	100416	f	79	C	3	\N	{33387367}	f	\N	\N
2452950	G6PD	RxNorm:1425099	2405438	f	71	C	\N	\N	{36049896}	f	\N	\N
110403	TNF	ATC:L04AB	\N	f	77	C	3	\N	\N	t	2020-09-14	Cleanup by Kelly Caudle
3122101	CYP2C19	RxNorm:39786	100413	f	37	C	3	\N	{37032427}	f	\N	\N
3122380	HTR2A	RxNorm:39786	100413	f	37	C	3	\N	{37032427}	f	\N	\N
3122509	SLC6A4	RxNorm:39786	100413	f	38	C	4	\N	{37032427}	f	\N	\N
110404	GRIK4	RxNorm:39786	\N	f	77	C	\N	\N	\N	f	\N	\N
3122381	HTR2A	RxNorm:1086769	100413	f	37	C	\N	\N	{37032427}	f	\N	\N
3122510	SLC6A4	RxNorm:1086769	100413	f	37	C	\N	\N	{37032427}	f	\N	\N
110405	G6PD	RxNorm:1151	2405438	t	77	C	\N	\N	{36049896}	f	\N	\N
2452952	G6PD	RxNorm:11258	2405438	t	50	C	\N	\N	{36049896}	f	\N	\N
3122103	CYP2C19	RxNorm:1455099	100413	f	37	C	\N	\N	{37032427}	f	\N	\N
110406	MC4R	RxNorm:115698	\N	f	78	C	\N	\N	\N	f	\N	\N
3122382	HTR2A	RxNorm:1455099	100413	f	37	C	\N	\N	{37032427}	f	\N	\N
3122511	SLC6A4	RxNorm:1455099	100413	f	37	C	\N	\N	{37032427}	f	\N	\N
110407	COMT	RxNorm:2555	\N	f	77	C/D	3	\N	\N	t	2020-09-14	Cleanup by Kelly Caudle
110408	CYP2A7P1	RxNorm:195085	\N	f	77	C/D	\N	\N	\N	t	2020-09-14	Cleanup by Kelly Caudle
110409	OPRM1	RxNorm:448	\N	f	77	C/D	3	\N	\N	t	2020-09-14	Cleanup by Kelly Caudle
110410	ITPA	RxNorm:5880	\N	f	78	C/D	3	\N	\N	f	\N	\N
110411	ABCB1	RxNorm:6813	\N	f	77	C/D	3	\N	\N	t	2020-09-14	Cleanup by Kelly Caudle
110412	CYP3A5	RxNorm:6960	\N	f	77	C/D	3	\N	\N	f	\N	\N
110413	ABCB1	RxNorm:7052	\N	f	77	C/D	3	\N	\N	t	2020-09-14	Cleanup by Kelly Caudle
110415	COMT	RxNorm:7407	\N	f	78	C/D	3	\N	\N	f	\N	\N
110416	ABCB1	RxNorm:26225	\N	f	78	C/D	3	\N	\N	f	\N	\N
110417	UGT2B15	RxNorm:7781	\N	f	77	C/D	3	\N	\N	f	\N	\N
110418	ABCB1	RxNorm:7804	\N	f	77	C/D	3	\N	\N	t	2020-09-14	Cleanup by Kelly Caudle
110419	GSTP1	ATC:L01XA	\N	f	77	C/D	2A	\N	\N	t	2020-09-14	Cleanup by Kelly Caudle
110420	ABCB1	RxNorm:357977	\N	f	77	C/D	3	\N	\N	t	2020-09-14	Cleanup by Kelly Caudle
110421	ABCB1	RxNorm:10689	\N	f	77	C/D	3	\N	\N	t	2020-09-14	Cleanup by Kelly Caudle
110422	KCNIP4	ATC:C09AA	\N	f	77	D	3	\N	\N	t	2020-09-14	Cleanup by Kelly Caudle
110423	FDPS	RxNorm:46041	\N	f	77	D	\N	\N	\N	f	\N	\N
110424	NQO1	ATC:L01A	\N	f	77	D	2A	\N	\N	t	2020-09-14	Cleanup by Kelly Caudle
110425	CBR3	ATC:L01DB	\N	f	77	D	2B	\N	\N	t	2020-09-14	Cleanup by Kelly Caudle
110426	HAS3	ATC:L01DB	\N	f	77	D	3	\N	\N	t	2020-09-14	Cleanup by Kelly Caudle
110427	NQO1	ATC:L01DB	\N	f	77	D	2A	\N	\N	t	2020-09-14	Cleanup by Kelly Caudle
110428	SLC28A3	ATC:L01DB	\N	f	77	D	3	\N	\N	t	2020-09-14	Cleanup by Kelly Caudle
110429	FKBP5	ATC:N06A	\N	f	77	D	2B	\N	\N	t	2020-09-14	Cleanup by Kelly Caudle
110430	GRIK4	ATC:N06A	\N	f	77	D	2B	\N	\N	t	2020-09-14	Cleanup by Kelly Caudle
110431	HTR2A	ATC:N06A	\N	f	77	D	3	\N	\N	t	2020-09-14	Cleanup by Kelly Caudle
110432	ANKK1	ATC:N05A	\N	f	77	D	3	\N	\N	t	2020-09-14	Cleanup by Kelly Caudle
110433	GP1BA	RxNorm:1191	\N	f	78	D	3	\N	\N	f	\N	\N
110434	LTC4S	RxNorm:1191	\N	f	78	D	3	\N	\N	f	\N	\N
110435	PTGS1	RxNorm:1191	\N	f	78	D	3	\N	\N	f	\N	\N
110436	APOE	RxNorm:83367	\N	f	77	D	2B	\N	\N	f	\N	\N
110437	CETP	RxNorm:83367	\N	f	78	D	4	\N	\N	f	\N	\N
110438	COQ2	RxNorm:83367	\N	f	77	D	3	\N	\N	f	\N	\N
110439	KIF6	RxNorm:83367	\N	f	77	D	3	\N	\N	f	\N	\N
110440	LDLR	RxNorm:83367	\N	f	87	D	\N	\N	\N	f	\N	\N
110441	LPA	RxNorm:83367	\N	f	77	D	\N	\N	\N	f	\N	\N
110443	CRHR1	RxNorm:19831	\N	f	77	D	\N	\N	\N	f	\N	\N
110444	ANKK1	RxNorm:42347	\N	f	77	D	3	\N	\N	t	2020-09-14	Cleanup by Kelly Caudle
110445	ADORA2A	RxNorm:1886	\N	f	78	D	3	\N	\N	f	\N	\N
110446	TYMS	RxNorm:194000	\N	f	77	D	3	\N	\N	f	\N	\N
110447	ACE	RxNorm:1998	\N	f	77	D	2A	\N	\N	f	\N	\N
110448	EPHX1	RxNorm:2002	\N	f	78	D	3	\N	\N	f	\N	\N
110449	FLOT1	RxNorm:2002	\N	f	77	D	\N	\N	\N	t	2020-09-14	Cleanup by Kelly Caudle
110450	CETP	RxNorm:596723	\N	f	77	D	\N	\N	\N	f	\N	\N
110451	LPA	RxNorm:596723	\N	f	77	D	\N	\N	\N	f	\N	\N
3122508	SLC6A4	RxNorm:36437	100413	f	39	C	4	\N	{37032427}	f	\N	\N
110395	ABCB1	RxNorm:36567	\N	f	77	C	3	\N	\N	f	\N	\N
2777621	CYP3A4	RxNorm:36567	100426	f	58	C	3	\N	\N	f	\N	\N
2777628	CYP3A5	RxNorm:36567	100426	f	58	C	4	\N	\N	f	\N	\N
110396	CYP3A5	RxNorm:35302	\N	f	78	C	3	\N	\N	f	\N	\N
110217	G6PD	RxNorm:9894	2405438	f	78	C	\N	Actionable PGx	{36049896}	f	\N	\N
418209	COMT	RxNorm:56795	100416	f	69	C	3	\N	{33387367}	f	\N	\N
418210	OPRM1	RxNorm:56795	100416	f	68	C	3	\N	{33387367}	f	\N	\N
110461	ANKK1	RxNorm:2626	\N	f	77	D	\N	\N	\N	f	\N	\N
110462	GSTP1	RxNorm:3002	\N	f	78	D	3	\N	\N	f	\N	\N
110463	NQO1	RxNorm:3002	\N	f	78	D	3	\N	\N	f	\N	\N
110464	SOD2	RxNorm:3002	\N	f	77	D	3	\N	\N	f	\N	\N
110465	TP53	RxNorm:3002	\N	f	77	D	3	\N	\N	t	2020-09-14	Cleanup by Kelly Caudle
110466	CBR3	RxNorm:3109	\N	f	77	D	\N	\N	\N	f	\N	\N
110467	HAS3	RxNorm:3109	\N	f	77	D	\N	\N	\N	f	\N	\N
110468	CBR3	RxNorm:3639	\N	f	77	D	3	\N	\N	f	\N	\N
110469	HAS3	RxNorm:3639	\N	f	77	D	\N	\N	\N	f	\N	\N
110470	NQO1	RxNorm:3639	\N	f	77	D	\N	\N	\N	f	\N	\N
110471	SERPINC1	RxNorm:711942	\N	f	77	D	\N	Actionable PGx	\N	f	\N	\N
110472	CBR3	RxNorm:3995	\N	f	77	D	3	\N	\N	f	\N	\N
110473	GSTP1	RxNorm:3995	\N	f	79	D	3	\N	\N	f	\N	\N
110474	HAS3	RxNorm:3995	\N	f	77	D	\N	\N	\N	f	\N	\N
110475	NQO1	RxNorm:3995	\N	f	78	D	3	\N	\N	f	\N	\N
110476	ANKK1	RxNorm:448	\N	f	77	D	3	\N	\N	t	2020-09-14	Cleanup by Kelly Caudle
110477	DYNC2H1	RxNorm:4179	\N	f	77	D	3	\N	\N	f	\N	\N
110478	GSTP1	RxNorm:4492	\N	f	78	D	3	\N	\N	f	\N	\N
110479	NQO1	RxNorm:4492	\N	f	79	D	3	\N	\N	f	\N	\N
110480	TYMS	RxNorm:4492	\N	f	77	D	3	\N	\N	f	\N	\N
110481	UMPS	RxNorm:4492	\N	f	78	D	3	\N	\N	f	\N	\N
110482	FKBP5	RxNorm:4493	\N	f	79	D	3	\N	\N	f	\N	\N
110483	CRHR1	RxNorm:50121	\N	f	77	D	\N	\N	\N	f	\N	\N
110485	CETP	RxNorm:41127	\N	f	77	D	3	\N	\N	f	\N	\N
110486	LPA	RxNorm:41127	\N	f	77	D	\N	\N	\N	f	\N	\N
110487	ADD1	RxNorm:4603	\N	f	78	D	3	\N	\N	f	\N	\N
110488	NT5C2	RxNorm:12574	\N	f	78	D	3	\N	\N	f	\N	\N
110489	CETP	ATC:C10AA	\N	f	77	D	3	\N	\N	t	2020-09-14	Cleanup by Kelly Caudle
110490	HMGCR	ATC:C10AA	\N	f	77	D	3	\N	\N	t	2020-09-14	Cleanup by Kelly Caudle
110491	LPA	ATC:C10AA	\N	f	77	D	2B	\N	\N	t	2020-09-14	Cleanup by Kelly Caudle
110492	NAT1	RxNorm:5470	\N	f	77	D	\N	\N	\N	t	2020-09-14	Cleanup by Kelly Caudle
110493	NEDD4L	RxNorm:5487	\N	f	77	D	3	\N	\N	f	\N	\N
110494	PRKCA	RxNorm:5487	\N	f	78	D	3	\N	\N	f	\N	\N
110495	YEATS4	RxNorm:5487	\N	f	78	D	3	\N	\N	f	\N	\N
110496	CBR3	RxNorm:5650	\N	f	77	D	\N	\N	\N	f	\N	\N
110497	HAS3	RxNorm:5650	\N	f	77	D	\N	\N	\N	f	\N	\N
110498	C8orf34	RxNorm:51499	\N	f	77	D	3	\N	\N	f	\N	\N
110499	SEMA3C	RxNorm:51499	\N	f	77	D	3	\N	\N	f	\N	\N
110501	NAT2	RxNorm:6058	\N	f	77	D	\N	\N	\N	t	2020-09-14	Cleanup by Kelly Caudle
110502	UGT1A4	RxNorm:28439	\N	f	78	D	3	\N	\N	f	\N	\N
110503	PTGFR	RxNorm:43611	\N	f	78	D	3	\N	\N	f	\N	\N
110504	C11orf65	RxNorm:6809	\N	f	78	D	4	\N	\N	f	\N	\N
110505	SLC47A2	RxNorm:6809	\N	f	77	D	3	\N	\N	t	2020-09-14	Cleanup by Kelly Caudle
110506	ATIC	RxNorm:6851	\N	f	77	D	2B	\N	\N	f	\N	\N
110507	MTRR	RxNorm:6851	\N	f	77	D	3	\N	\N	f	\N	\N
110508	CYB5R1	RxNorm:6915	\N	f	78	D	\N	Actionable PGx	\N	f	\N	\N
110509	CYB5R2	RxNorm:6915	\N	f	78	D	\N	Actionable PGx	\N	f	\N	\N
110510	CYB5R3	RxNorm:6915	\N	f	78	D	\N	Actionable PGx	\N	f	\N	\N
110511	CYB5R4	RxNorm:6915	\N	f	78	D	\N	Actionable PGx	\N	f	\N	\N
110512	FKBP5	RxNorm:15996	\N	f	79	D	3	\N	\N	f	\N	\N
110513	CCHCR1	RxNorm:53654	\N	f	77	D	3	\N	\N	f	\N	\N
110514	CHRNA3	RxNorm:7407	\N	f	78	D	3	\N	\N	f	\N	\N
110515	ANKK1	RxNorm:61381	\N	f	77	D	3	\N	\N	f	\N	\N
110516	GSTM1	RxNorm:32592	\N	f	77	D	3	\N	\N	f	\N	\N
110517	GSTP1	RxNorm:32592	\N	f	78	D	3	\N	\N	f	\N	\N
110518	FKBP5	RxNorm:32937	\N	f	78	D	3	\N	\N	f	\N	\N
110519	HTR1A	RxNorm:32937	\N	f	78	D	3	\N	\N	f	\N	\N
110520	VDR	RxNorm:253453	\N	f	77	D	3	\N	\N	f	\N	\N
110522	DYNC2H1	ATC:L01XA	\N	f	77	D	3	\N	\N	t	2020-09-14	Cleanup by Kelly Caudle
110523	ERCC1	ATC:L01XA	\N	f	77	D	2B	\N	\N	t	2020-09-14	Cleanup by Kelly Caudle
110524	NQO1	ATC:L01XA	\N	f	77	D	2A	\N	\N	t	2020-09-14	Cleanup by Kelly Caudle
110525	CETP	RxNorm:42463	\N	f	77	D	3	\N	\N	f	\N	\N
110526	HMGCR	RxNorm:42463	\N	f	77	D	3	\N	\N	f	\N	\N
110527	KIF6	RxNorm:42463	\N	f	78	D	2B	\N	\N	f	\N	\N
110528	LPA	RxNorm:42463	\N	f	77	D	\N	\N	\N	f	\N	\N
110529	TANC1	MedDRA:10037794	\N	f	77	D	2B	\N	\N	t	2020-09-14	Cleanup by Kelly Caudle
110530	FDPS	RxNorm:72143	\N	f	77	D	\N	\N	\N	f	\N	\N
110531	VDR	RxNorm:9344	\N	f	77	D	3	\N	\N	f	\N	\N
110532	FDPS	RxNorm:73056	\N	f	77	D	\N	\N	\N	f	\N	\N
110533	ANKK1	RxNorm:35636	\N	f	77	D	3	\N	\N	f	\N	\N
110534	FCGR3A	RxNorm:121191	\N	f	78	D	2B	\N	\N	f	\N	\N
110535	COQ2	RxNorm:301542	\N	f	77	D	3	\N	\N	f	\N	\N
110536	LPA	RxNorm:301542	\N	f	78	D	3	\N	\N	f	\N	\N
110537	ADRB2	RxNorm:435	\N	f	78	D	3	\N	\N	f	\N	\N
110538	COL22A1	RxNorm:435	\N	f	78	D	3	\N	\N	f	\N	\N
110539	CRHR2	RxNorm:435	\N	f	77	D	3	\N	\N	f	\N	\N
110540	ADRB2	RxNorm:36117	\N	f	77	D	2A	\N	\N	f	\N	\N
110541	TXNRD2	ATC:N06AB	\N	f	77	D	\N	\N	\N	t	2020-09-14	Cleanup by Kelly Caudle
110542	GNB3	RxNorm:136411	\N	f	77	D	3	\N	\N	f	\N	\N
110543	CETP	RxNorm:36567	\N	f	77	D	3	\N	\N	f	\N	\N
110544	HMGCR	RxNorm:36567	\N	f	77	D	3	\N	\N	f	\N	\N
110545	LPA	RxNorm:36567	\N	f	77	D	\N	\N	\N	f	\N	\N
110546	ADD1	RxNorm:9997	\N	f	78	D	3	\N	\N	f	\N	\N
110548	ABCC4	RxNorm:117466	\N	f	77	D	3	\N	\N	f	\N	\N
110549	CRHR1	RxNorm:10759	\N	f	77	D	\N	\N	\N	f	\N	\N
110550	FKBP5	RxNorm:39786	\N	f	78	D	3	\N	\N	f	\N	\N
110551	CALU	RxNorm:11289	\N	f	77	D	3	\N	\N	f	\N	\N
110552	GGCX	RxNorm:11289	\N	f	77	D	3	\N	\N	f	\N	\N
1354912	ACYP2	RxNorm:2555	\N	f	59	D	3	\N	\N	f	\N	\N
110454	ERCC1	RxNorm:2555	\N	f	78	D	3	\N	\N	f	\N	\N
110455	GSTM1	RxNorm:2555	\N	f	77	D	3	\N	\N	f	\N	\N
110456	NQO1	RxNorm:2555	\N	f	77	D	\N	\N	\N	f	\N	\N
110457	TMEM43	RxNorm:2555	\N	f	77	D	\N	\N	\N	t	2020-09-14	Cleanup by Kelly Caudle
110458	TP53	RxNorm:2555	\N	f	77	D	\N	\N	\N	t	2020-09-14	Cleanup by Kelly Caudle
110459	XPC	RxNorm:2555	\N	f	77	D	3	\N	\N	f	\N	\N
110460	FKBP5	RxNorm:2556	\N	f	78	D	3	\N	\N	f	\N	\N
5401564	GRK5	RxNorm:8332	5290480	f	18	C	\N	\N	{38951961}	f	\N	\N
5401528	ADRA2C	RxNorm:149	5290480	f	18	C	\N	\N	{38951961}	f	\N	\N
5401525	ADRB2	RxNorm:8332	5290480	f	18	C	\N	\N	{38951961}	f	\N	\N
5401532	ADRA2C	RxNorm:20352	5290480	f	18	C	\N	\N	{38951961}	f	\N	\N
5401509	ADRB1	RxNorm:149	5290480	f	18	C	\N	\N	{38951961}	f	\N	\N
5401547	GRK4	RxNorm:6185	5290480	f	18	C	\N	\N	{38951961}	f	\N	\N
5401548	GRK4	RxNorm:6918	5290480	f	19	C	\N	\N	{38951961}	f	\N	\N
5401549	GRK4	RxNorm:7226	5290480	f	18	C	\N	\N	{38951961}	f	\N	\N
110281	CYP2D6	RxNorm:31555	5290480	f	79	C	\N	\N	{38951961}	f	\N	\N
5401531	ADRA2C	RxNorm:19484	5290480	f	18	C	\N	\N	{38951961}	f	\N	\N
5401557	GRK5	RxNorm:19484	5290480	f	18	C	\N	\N	{38951961}	f	\N	\N
5401529	ADRA2C	RxNorm:1202	5290480	f	18	C	\N	\N	{38951961}	f	\N	\N
5401539	ADRA2C	RxNorm:8787	5290480	f	18	C	\N	\N	{38951961}	f	\N	\N
110553	PROC	RxNorm:11289	\N	f	77	D	\N	Actionable PGx	\N	f	\N	\N
5401530	ADRA2C	RxNorm:1520	5290480	f	18	C	\N	\N	{38951961}	f	\N	\N
5401563	GRK5	RxNorm:31555	5290480	f	18	C	\N	\N	{38951961}	f	\N	\N
5401552	GRK4	RxNorm:8787	5290480	f	18	C	\N	\N	{38951961}	f	\N	\N
5401553	GRK4	RxNorm:9947	5290480	f	18	C	\N	\N	{38951961}	f	\N	\N
110244	CYP2D6	RxNorm:20352	5290480	f	98	C	\N	\N	{38951961}	f	\N	\N
5401523	ADRB2	RxNorm:6185	5290480	f	18	C	\N	\N	{38951961}	f	\N	\N
5401517	ADRB1	RxNorm:7226	5290480	f	18	C	\N	\N	{38951961}	f	\N	\N
5401538	ADRA2C	RxNorm:8332	5290480	f	18	C	\N	\N	{38951961}	f	\N	\N
5401565	GRK5	RxNorm:8787	5290480	f	18	C	\N	\N	{38951961}	f	\N	\N
5401566	GRK5	RxNorm:9947	5290480	f	18	C	\N	\N	{38951961}	f	\N	\N
5401533	ADRA2C	RxNorm:49737	5290480	f	18	C	\N	\N	{38951961}	f	\N	\N
110238	GRK5	RxNorm:1202	5290480	f	78	C	\N	\N	{38951961}	f	\N	\N
5401556	GRK5	RxNorm:1520	5290480	f	18	C	\N	\N	{38951961}	f	\N	\N
5401544	GRK4	RxNorm:19484	5290480	f	18	C	\N	\N	{38951961}	f	\N	\N
110245	GRK5	RxNorm:20352	5290480	f	96	C	\N	\N	{38951961}	f	\N	\N
5401554	GRK5	RxNorm:149	5290480	f	18	C	\N	\N	{38951961}	f	\N	\N
5401560	GRK5	RxNorm:6185	5290480	f	18	C	\N	\N	{38951961}	f	\N	\N
110277	GRK5	RxNorm:6918	5290480	f	78	C	\N	\N	{38951961}	f	\N	\N
5401562	GRK5	RxNorm:7226	5290480	f	18	C	\N	\N	{38951961}	f	\N	\N
5401550	GRK4	RxNorm:31555	5290480	f	18	C	\N	\N	{38951961}	f	\N	\N
5401551	GRK4	RxNorm:8332	5290480	f	18	C	\N	\N	{38951961}	f	\N	\N
110289	CYP2D6	RxNorm:8787	5290480	f	80	C	\N	\N	{38951961}	f	\N	\N
5401527	ADRB2	RxNorm:9947	5290480	f	18	C	\N	\N	{38951961}	f	\N	\N
5401522	ADRB2	RxNorm:20352	5290480	f	19	C	\N	\N	{38951961}	f	\N	\N
5401504	CYP2D6	RxNorm:1520	5290480	f	18	C	\N	\N	{38951961}	f	\N	\N
5401512	ADRB1	RxNorm:19484	5290480	f	18	C	\N	\N	{38951961}	f	\N	\N
110243	ADRB1	RxNorm:20352	5290480	f	99	C	\N	\N	{38951961}	f	\N	\N
5401503	CYP2D6	RxNorm:149	5290480	f	18	C	\N	\N	{38951961}	f	\N	\N
110237	ADRB1	RxNorm:1202	5290480	f	80	C	\N	\N	{38951961}	f	\N	\N
110275	ADRB1	RxNorm:6918	5290480	f	79	C	\N	\N	{38951961}	f	\N	\N
5401524	ADRB2	RxNorm:7226	5290480	f	18	C	\N	\N	{38951961}	f	\N	\N
5401518	ADRB1	RxNorm:31555	5290480	f	18	C	\N	\N	{38951961}	f	\N	\N
5401519	ADRB1	RxNorm:8332	5290480	f	18	C	\N	\N	{38951961}	f	\N	\N
5401520	ADRB1	RxNorm:8787	5290480	f	18	C	\N	\N	{38951961}	f	\N	\N
5401540	ADRA2C	RxNorm:9947	5290480	f	18	C	\N	\N	{38951961}	f	\N	\N
110554	PROS1	RxNorm:11289	\N	f	77	D	\N	Actionable PGx	\N	f	\N	\N
5401514	ADRB1	RxNorm:49737	5290480	f	18	C	\N	\N	{38951961}	f	\N	\N
5401543	GRK4	RxNorm:1520	5290480	f	18	C	\N	\N	{38951961}	f	\N	\N
5401505	CYP2D6	RxNorm:19484	5290480	f	18	C	\N	\N	{38951961}	f	\N	\N
5401545	GRK4	RxNorm:20352	5290480	f	18	C	\N	\N	{38951961}	f	\N	\N
5401541	GRK4	RxNorm:149	5290480	f	18	C	\N	\N	{38951961}	f	\N	\N
5401542	GRK4	RxNorm:1202	5290480	f	19	C	\N	\N	{38951961}	f	\N	\N
5401559	GRK5	RxNorm:49737	5290480	f	18	C	\N	\N	{38951961}	f	\N	\N
5401534	ADRA2C	RxNorm:6185	5290480	f	18	C	\N	\N	{38951961}	f	\N	\N
5401511	ADRB1	RxNorm:1520	5290480	f	18	C	\N	\N	{38951961}	f	\N	\N
5401526	ADRB2	RxNorm:8787	5290480	f	19	C	\N	\N	{38951961}	f	\N	\N
5401521	ADRB1	RxNorm:9947	5290480	f	18	C	\N	\N	{38951961}	f	\N	\N
5401546	GRK4	RxNorm:49737	5290480	f	18	C	\N	\N	{38951961}	f	\N	\N
5401515	ADRB1	RxNorm:6185	5290480	f	18	C	\N	\N	{38951961}	f	\N	\N
5401535	ADRA2C	RxNorm:6918	5290480	f	18	C	\N	\N	{38951961}	f	\N	\N
5401536	ADRA2C	RxNorm:7226	5290480	f	18	C	\N	\N	{38951961}	f	\N	\N
5401537	ADRA2C	RxNorm:31555	5290480	f	18	C	\N	\N	{38951961}	f	\N	\N
110288	CYP2D6	RxNorm:8754	\N	f	91	B/C	1A	Informative PGx	\N	f	\N	\N
